{
 "args": {
  "alg": "faco",
  "ants": 64,
  "backup list size": 64,
  "beta": 1.0,
  "cand list size": 16,
  "count new edges": 0,
  "gbest as source prob": 0.01,
  "id": "default",
  "iterations": 200,
  "keep better ant sol": 1,
  "local search": 1,
  "ls cand list size": 20,
  "min new edges": 8,
  "p best": 0.1,
  "picture": true,
  "problem": "kroA100.tsp",
  "repeat": 5,
  "results dir": "results",
  "rho": 0.5,
  "seed": 1541950319,
  "source sol local update": 1,
  "threads": 0
 },
 "executions": [
  {
   "best sol cost iterations": [
    0,
    1,
    2,
    3,
    4,
    5,
    6,
    7,
    8,
    9,
    10,
    11,
    12,
    13,
    14,
    15,
    17,
    18,
    21,
    22,
    23,
    26,
    27,
    29,
    33,
    35,
    46,
    52,
    61,
    62,
    70,
    85,
    86,
    87,
    93,
    106,
    108,
    124,
    125,
    129,
    151,
    157,
    168,
    169,
    172,
    173,
    186
   ],
   "best sol cost times": [
    0.000675,
    0.001278,
    0.001907,
    0.002967,
    0.003807,
    0.004572,
    0.005407,
    0.006379,
    0.007436,
    0.008361,
    0.009382,
    0.01064,
    0.011671,
    0.012561,
    0.013502,
    0.014664,
    0.016506,
    0.017472,
    0.020928,
    0.021922,
    0.022933,
    0.025946,
    0.027091,
    0.029294,
    0.033398,
    0.035475,
    0.047083,
    0.053233,
    0.062782,
    0.063776,
    0.071821,
    0.086778,
    0.087757,
    0.088766,
    0.094891,
    0.107502,
    0.109368,
    0.125619,
    0.126712,
    0.130896,
    0.153353,
    0.15945,
    0.170376,
    0.171481,
    0.174447,
    0.175248,
    0.18896
   ],
   "best sol cost values": [
    9074.0,
    9069.0,
    9068.0,
    9046.0,
    9044.0,
    9027.0,
    9023.0,
    9019.0,
    9017.0,
    9015.0,
    9013.0,
    9009.0,
    9006.0,
    9003.0,
    8996.0,
    8984.0,
    8982.0,
    8978.0,
    8977.0,
    8975.0,
    8969.0,
    8968.0,
    8965.0,
    8954.0,
    8952.0,
    8949.0,
    8948.0,
    8947.0,
    8946.0,
    8945.0,
    8943.0,
    8939.0,
    8934.0,
    8932.0,
    8931.0,
    8929.0,
    8927.0,
    8921.0,
    8919.0,
    8916.0,
    8911.0,
    8904.0,
    8900.0,
    8898.0,
    8895.0,
    8894.0,
    8893.0
   ],
   "execution time": 0.21325370000000002,
   "final cost": 8893.0,
   "final error": 0.987962752668635,
   "finished_at": "2024-09-26T04:43:12.087981500",
   "initial sol cost": 9082.0,
   "initial solutions build time": 0.010186200000000001,
   "mean percent of select next node calls recorded every ith iter": 20,
   "mean percent of select next node calls values": [
    2.51,
    18.95,
    18.73,
    22.13,
    20.12,
    18.66,
    19.28,
    18.27,
    18.99,
    21.01
   ],
   "pher_deposition_time": 0.003000020980834961,
   "sol cost mean recorded every ith iter": 20,
   "sol cost mean values": [
    9105.8,
    9035.2,
    9009.0,
    9007.0,
    8998.5,
    8992.5,
    8982.6,
    8965.0,
    8954.5,
    8961.8
   ],
   "sol cost stdev recorded every ith iter": 20,
   "sol cost stdev values": [
    21.2,
    38.1,
    42.9,
    47.7,
    41.8,
    45.6,
    32.5,
    33.6,
    42.6,
    49.1
   ],
   "started_at": "2024-09-26T04:43:11.874705700"
  },
  {
   "best sol cost iterations": [
    0,
    1,
    2,
    3,
    4,
    5,
    6,
    7,
    8,
    9,
    10,
    11,
    12,
    13,
    15,
    16,
    17,
    18,
    20,
    25,
    27,
    33,
    37,
    38,
    40,
    42,
    43,
    46,
    47,
    49,
    51,
    68,
    69,
    73,
    74,
    75,
    78,
    85,
    87,
    89,
    91,
    94,
    104,
    120,
    140,
    154,
    163
   ],
   "best sol cost times": [
    0.000452,
    0.001091,
    0.001792,
    0.002477,
    0.003348,
    0.004121,
    0.004999,
    0.005906,
    0.00693,
    0.007758,
    0.008921,
    0.009823,
    0.010717,
    0.011583,
    0.013481,
    0.014533,
    0.015331,
    0.016085,
    0.018301,
    0.023292,
    0.025229,
    0.030802,
    0.03488,
    0.035942,
    0.037755,
    0.03976,
    0.040898,
    0.043779,
    0.04481,
    0.046984,
    0.048813,
    0.065674,
    0.0668,
    0.070901,
    0.071884,
    0.073113,
    0.076182,
    0.082862,
    0.084839,
    0.086813,
    0.088617,
    0.091764,
    0.101316,
    0.118045,
    0.13894,
    0.153857,
    0.163943
   ],
   "best sol cost values": [
    9075.0,
    9065.0,
    9063.0,
    9051.0,
    9044.0,
    9036.0,
    9032.0,
    9031.0,
    9020.0,
    9019.0,
    9017.0,
    9011.0,
    8991.0,
    8990.0,
    8980.0,
    8973.0,
    8970.0,
    8966.0,
    8957.0,
    8952.0,
    8948.0,
    8942.0,
    8935.0,
    8931.0,
    8928.0,
    8922.0,
    8920.0,
    8914.0,
    8913.0,
    8911.0,
    8909.0,
    8904.0,
    8902.0,
    8896.0,
    8894.0,
    8885.0,
    8880.0,
    8877.0,
    8876.0,
    8873.0,
    8872.0,
    8866.0,
    8864.0,
    8861.0,
    8856.0,
    8851.0,
    8850.0
   ],
   "execution time": 0.214344,
   "final cost": 8850.0,
   "final error": 0.49965932318873496,
   "finished_at": "2024-09-26T04:43:12.304630200",
   "initial sol cost": 9077.0,
   "initial solutions build time": 0.0103178,
   "mean percent of select next node calls recorded every ith iter": 20,
   "mean percent of select next node calls values": [
    2.58,
    17.48,
    18.27,
    17.66,
    19.37,
    18.95,
    14.29,
    12.1,
    19.05,
    18.22
   ],
   "pher_deposition_time": 0.003999948501586914,
   "sol cost mean recorded every ith iter": 20,
   "sol cost mean values": [
    9106.5,
    9027.8,
    8999.0,
    8964.7,
    8929.3,
    8928.8,
    8923.2,
    8923.4,
    8912.8,
    8905.7
   ],
   "sol cost stdev recorded every ith iter": 20,
   "sol cost stdev values": [
    21.4,
    43.4,
    47.4,
    43.5,
    39.6,
    47.4,
    45.7,
    48.0,
    47.1,
    42.9
   ],
   "started_at": "2024-09-26T04:43:12.090279700"
  },
  {
   "best sol cost iterations": [
    0,
    1,
    2,
    3,
    4,
    5,
    6,
    7,
    8,
    9,
    10,
    11,
    12,
    13,
    14,
    18,
    19,
    20,
    21,
    22,
    24,
    26,
    30,
    31,
    32,
    48,
    52,
    63,
    69,
    72,
    73,
    84,
    113
   ],
   "best sol cost times": [
    0.000412,
    0.001092,
    0.001711,
    0.002535,
    0.003372,
    0.004114,
    0.00487,
    0.005757,
    0.006634,
    0.007781,
    0.008726,
    0.00958,
    0.010514,
    0.011444,
    0.01216,
    0.016057,
    0.017042,
    0.018082,
    0.019209,
    0.020147,
    0.022121,
    0.024073,
    0.027941,
    0.028901,
    0.029838,
    0.046712,
    0.051069,
    0.062076,
    0.068085,
    0.071201,
    0.072133,
    0.083321,
    0.111923
   ],
   "best sol cost values": [
    9100.0,
    9097.0,
    9086.0,
    9075.0,
    9065.0,
    9047.0,
    9040.0,
    9037.0,
    9026.0,
    9013.0,
    9012.0,
    9008.0,
    8997.0,
    8986.0,
    8966.0,
    8959.0,
    8956.0,
    8947.0,
    8944.0,
    8937.0,
    8936.0,
    8934.0,
    8931.0,
    8928.0,
    8926.0,
    8924.0,
    8922.0,
    8920.0,
    8917.0,
    8915.0,
    8914.0,
    8913.0,
    8904.0
   ],
   "execution time": 0.20814580000000002,
   "final cost": 8904.0,
   "final error": 1.1128775834658187,
   "finished_at": "2024-09-26T04:43:12.514543900",
   "initial sol cost": 9117.0,
   "initial solutions build time": 0.011554400000000001,
   "mean percent of select next node calls recorded every ith iter": 20,
   "mean percent of select next node calls values": [
    2.49,
    17.23,
    20.76,
    19.11,
    18.28,
    18.99,
    19.17,
    19.65,
    18.63,
    20.17
   ],
   "pher_deposition_time": 0.0009999275207519531,
   "sol cost mean recorded every ith iter": 20,
   "sol cost mean values": [
    9141.5,
    9000.3,
    8982.8,
    8984.6,
    8971.6,
    8971.8,
    8959.7,
    8959.8,
    8963.8,
    8969.9
   ],
   "sol cost stdev recorded every ith iter": 20,
   "sol cost stdev values": [
    23.8,
    32.1,
    50.2,
    51.1,
    42.5,
    42.1,
    50.4,
    44.2,
    37.9,
    48.7
   ],