{
 "args": {
  "alg": "faco",
  "ants": 64,
  "backup list size": 64,
  "beta": 1.0,
  "cand list size": 16,
  "count new edges": 0,
  "gbest as source prob": 0.01,
  "id": "default",
  "iterations": 200,
  "keep better ant sol": 1,
  "local search": 1,
  "ls cand list size": 20,
  "min new edges": 8,
  "p best": 0.1,
  "picture": true,
  "problem": "kroA100.tsp",
  "repeat": 5,
  "results dir": "results",
  "rho": 0.5,
  "seed": 1541950319,
  "source sol local update": 1,
  "threads": 0
 },
 "executions": [
  {
   "best sol cost iterations": [
    0,
    1,
    2,
    3,
    4,
    5,
    6,
    7,
    8,
    9,
    11,
    12,
    13,
    14,
    15,
    16,
    17,
    18,
    19,
    20,
    21,
    22,
    26,
    32,
    40,
    66
   ],
   "best sol cost times": [
    0.000657,
    0.001321,
    0.002,
    0.002721,
    0.00372,
    0.004709,
    0.005572,
    0.006877,
    0.007866,
    0.008747,
    0.010664,
    0.011558,
    0.012495,
    0.013308,
    0.014338,
    0.015288,
    0.016153,
    0.017091,
    0.017996,
    0.019265,
    0.020146,
    0.021133,
    0.024936,
    0.030591,
    0.038263,
    0.063978
   ],
   "best sol cost values": [
    210044.0,
    209686.0,
    208869.0,
    208120.0,
    207902.0,
    207757.0,
    207522.0,
    205889.0,
    205842.0,
    205767.0,
    205624.0,
    204945.0,
    204304.0,
    204211.0,
    204173.0,
    203938.0,
    203575.0,
    203295.0,
    203128.0,
    202926.0,
    202869.0,
    202650.0,
    202640.0,
    202528.0,
    202517.0,
    202454.0
   ],
   "execution time": 0.1981449,
   "final cost": 202454.0,
   "final error": 0.0568353110374174,
   "finished_at": "2024-09-26T04:43:11.032578800",
   "initial sol cost": 211188.0,
   "initial solutions build time": 0.0035525,
   "mean percent of select next node calls recorded every ith iter": 20,
   "mean percent of select next node calls values": [
    3.47,
    21.69,
    23.23,
    23.78,
    24.0,
    23.87,
    23.46,
    24.41,
    23.81,
    25.32
   ],
   "pher_deposition_time": 0.00500035285949707,
   "sol cost mean recorded every ith iter": 20,
   "sol cost mean values": [
    211741.3,
    204802.6,
    204277.1,
    203902.1,
    204327.8,
    204410.5,
    203994.7,
    204329.3,
    204208.6,
    203858.4
   ],
   "sol cost stdev recorded every ith iter": 20,
   "sol cost stdev values": [
    1063.9,
    3098.1,
    3531.3,
    2048.7,
    2916.5,
    2921.5,
    1787.3,
    2989.1,
    3179.8,
    2586.6
   ],
   "started_at": "2024-09-26T04:43:10.834417400"
  },
  {
   "best sol cost iterations": [
    0,
    1,
    2,
    3,
    4,
    5,
    6,
    7,
    8,
    9,
    10,
    12,
    13,
    14,
    15,
    16,
    17,
    18,
    19,
    20,
    21,
    22,
    23,
    27,
    28,
    29,
    30,
    31,
    32,
    33,
    34,
    36,
    41,
    42,
    43,
    47,
    48,
    51,
    52,
    87,
    89,
    90
   ],
   "best sol cost times": [
    0.000402,
    0.00105,
    0.001737,
    0.002397,
    0.003136,
    0.003941,
    0.004678,
    0.00569,
    0.006731,
    0.007826,
    0.008856,
    0.01065,
    0.01143,
    0.012513,
    0.013454,
    0.01435,
    0.015227,
    0.016205,
    0.017066,
    0.017998,
    0.018966,
    0.020014,
    0.020787,
    0.024401,
    0.025263,
    0.026142,
    0.02705,
    0.027903,
    0.02878,
    0.029613,
    0.030512,
    0.032416,
    0.036969,
    0.037945,
    0.038767,
    0.042414,
    0.043329,
    0.04581,
    0.046704,
    0.08195,
    0.083687,
    0.084563
   ],
   "best sol cost values": [
    211398.0,
    210492.0,
    210102.0,
    209700.0,
    209388.0,
    209106.0,
    208598.0,
    208273.0,
    207902.0,
    207649.0,
    207512.0,
    207506.0,
    207143.0,
    207044.0,
    206710.0,
    206667.0,
    206495.0,
    206373.0,
    206245.0,
    206175.0,
    206153.0,
    206025.0,
    206006.0,
    205968.0,
    205703.0,
    205643.0,
    205635.0,
    205572.0,
    205459.0,
    205447.0,
    205338.0,
    205280.0,
    205084.0,
    204685.0,
    204675.0,
    204597.0,
    204548.0,
    204536.0,
    204476.0,
    204465.0,
    204462.0,
    204444.0
   ],
   "execution time": 0.1963137,
   "final cost": 204444.0,
   "final error": 1.0403333020327272,
   "finished_at": "2024-09-26T04:43:11.230589500",
   "initial sol cost": 212599.0,
   "initial solutions build time": 0.0030671,
   "mean percent of select next node calls recorded every ith iter": 20,
   "mean percent of select next node calls values": [
    3.45,
    22.89,
    24.58,
    20.46,
    25.6,
    22.15,
    22.16,
    24.07,
    24.57,
    23.26
   ],
   "pher_deposition_time": 0.002000093460083008,
   "sol cost mean recorded every ith iter": 20,
   "sol cost mean values": [
    212898.8,
    208267.3,
    207774.0,
    205858.5,
    206799.9,
    206197.6,
    206812.8,
    207046.5,
    206097.7,
    206038.6
   ],
   "sol cost stdev recorded every ith iter": 20,
   "sol cost stdev values": [
    662.5,
    3573.2,
    3786.3,
    2510.2,
    3563.3,
    3963.7,
    4002.1,
    3845.2,
    2276.3,
    2015.2
   ],
   "started_at": "2024-09-26T04:43:11.034269500"
  },
  {
   "best sol cost iterations": [
    0,
    1,
    2,
    3,
    4,
    5,
    6,
    7,
    8,
    9,
    10,
    11,
    12,
    13,
    14,
    15,
    16,
    17,
    18,
    19,
    20,
    21,
    22,
    23,
    24,
    25,
    26,
    27,
    28,
    29,
    30,
    31,
    32,
    33,
    37,
    42,
    43,
    45,
    51,
    53
   ],
   "best sol cost times": [
    0.000441,
    0.001152,
    0.001888,
    0.002624,
    0.003624,
    0.004498,
    0.005398,
    0.006396,
    0.007432,
    0.008286,
    0.00917,
    0.01029,
    0.011903,
    0.012764,
    0.013739,
    0.014903,
    0.015854,
    0.016769,
    0.018021,
    0.018897,
    0.019659,
    0.020587,
    0.021468,
    0.022315,
    0.02321,
    0.024303,
    0.025308,
    0.026251,
    0.027196,
    0.028031,
    0.028986,
    0.029849,
    0.03076,
    0.031646,
    0.035281,
    0.040231,
    0.041043,
    0.043061,
    0.048718,
    0.050666
   ],
   "best sol cost values": [
    215123.0,
    214809.0,
    212140.0,
    211163.0,
    210749.0,
    209943.0,
    209686.0,
    208644.0,
    208292.0,
    207705.0,
    207583.0,
    207383.0,
    207248.0,
    207145.0,
    207108.0,
    206872.0,
    206509.0,
    206495.0,
    206029.0,
    205888.0,
    205598.0,
    205402.0,
    205290.0,
    205159.0,
    204914.0,
    204805.0,
    204677.0,
    204575.0,
    204488.0,
    204401.0,
    204396.0,
    204383.0,
    204332.0,
    204244.0,
    204233.0,
    204166.0,
    204138.0,
    204096.0,
    204086.0,
    204085.0
   ],
   "execution time": 0.19190320000000002,
   "final cost": 204085.0,
   "final error": 0.8629082875767895,
   "finished_at": "2024-09-26T04:43:11.424210300",
   "initial sol cost": 215320.0,
   "initial solutions build time": 0.0036615000000000003,
   "mean percent of select next node calls recorded every ith iter": 20,
   "mean percent of select next node calls values": [
    3.54,
    19.42,
    23.55,
    22.98,
    23.37,
    23.11,
    24.45,
    22.41,
    21.87,
    23.16
   ],
   "pher_deposition_time": 0.004999876022338867,
   "sol cost mean recorded every ith iter": 20,
   "sol cost mean values": [
    215828.2,
    207122.1,
    206423.1,
    206007.9,
    206528.1,
    206332.1,
    205154.6,
    205650.6,
    205879.4,
    206116.7
   ],
   "sol cost stdev recorded every ith iter": 20,
   "sol cost stdev values": [
    981.8,
    2081.8,
    4220.6,
    3506.1,
    3788.3,
    3196.1,
    1452.0,
    2480.3,
    2673.7,
    2828.9
   ],
   "started_at": "2024-09-26T04:43:11.232298500"
  },
  {
   "best sol cost iterations": [
    0,
    1,
    2,
    3,
    4,
    5,
    6,
    7,
    8,
    9,
    10,
    11,
    12,
    13,
    17,
    19,
    20,
    21,
    22,
    23,
    36,
    38,
    41,
    61,
    62
   ],