{
 "args": {
  "alg": "mfaco",
  "ants": 128,
  "backup list size": 64,
  "beta": 1.0,
  "cand list size": 16,
  "count new edges": 0,
  "gbest as source prob": 0.01,
  "id": "default",
  "iterations": 5000,
  "keep better ant sol": 1,
  "local search": 1,
  "ls cand list size": 20,
  "min new edges": 8,
  "p best": 0.1,
  "picture": true,
  "problem": ".\\instances\\rat783.tsp",
  "repeat": 1,
  "results dir": "results",
  "rho": 0.5,
  "seed": 985711248,
  "source sol local update": 1,
  "threads": 0
 },
 "executions": [
  {
   "ants solutions updates": 3385,
   "best sol cost iterations": [
    0,
    1,
    2,
    3,
    4,
    5,
    6,
    8,
    9,
    10,
    11,
    12,
    14,
    15,
    16,
    17,
    22,
    23,
    25,
    26,
    28,
    32,
    33,
    34,
    37,
    41,
    43,
    44,
    46,
    75,
    81,
    82,
    87,
    89,
    101,
    148,
    159,
    284,
    285,
    293,
    295,
    298,
    326,
    362,
    1725,
    1726,
    1727,
    2445,
    3152,
    3154,
    3155,
    3156
   ],
   "best sol cost times": [
    0.001585,
    0.0031,
    0.003842,
    0.004857,
    0.005981,
    0.007391,
    0.009005,
    0.012582,
    0.014376,
    0.016185,
    0.017708,
    0.019354,
    0.023155,
    0.02515,
    0.026932,
    0.028575,
    0.037821,
    0.039871,
    0.043828,
    0.045721,
    0.049456,
    0.056679,
    0.058323,
    0.059994,
    0.064702,
    0.07135,
    0.074654,
    0.076312,
    0.079737,
    0.130366,
    0.140855,
    0.14226,
    0.150214,
    0.153269,
    0.173785,
    0.253463,
    0.274668,
    0.490504,
    0.492198,
    0.505204,
    0.508755,
    0.513707,
    0.562031,
    0.623663,
    2.961846,
    2.963672,
    2.965338,
    4.19076,
    5.412651,
    5.416345,
    5.417888,
    5.419505
   ],
   "best sol cost values": [
    9017.0,
    9008.0,
    8995.0,
    8976.0,
    8960.0,
    8947.0,
    8943.0,
    8935.0,
    8929.0,
    8924.0,
    8923.0,
    8922.0,
    8914.0,
    8909.0,
    8908.0,
    8907.0,
    8905.0,
    8896.0,
    8893.0,
    8891.0,
    8888.0,
    8887.0,
    8881.0,
    8878.0,
    8877.0,
    8876.0,
    8873.0,
    8871.0,
    8868.0,
    8865.0,
    8857.0,
    8854.0,
    8853.0,
    8851.0,
    8850.0,
    8849.0,
    8847.0,
    8845.0,
    8841.0,
    8840.0,
    8839.0,
    8835.0,
    8833.0,
    8832.0,
    8831.0,
    8826.0,
    8824.0,
    8822.0,
    8821.0,
    8817.0,
    8816.0,
    8814.0
   ],
   "execution time": 8.598551800000001,
   "final cost": 8814.0,
   "final error": -1.0,
   "finished_at": "2024-09-26T03:40:15.305224200",
   "initial sol cost": 9041.0,
   "initial solutions build time": 0.0111473,
   "local source solutions updates": 91,
   "pher_deposition_time": 0.1100008487701416,
   "sol cost mean recorded every ith iter": 20,
   "sol cost mean values": [
    9039.1,
    8915.9,
    8883.1,
    8869.3,
    8866.7,
    8852.2,
    8850.4,
    8850.0,
    8848.9,
    8847.2,
    8847.0,
    8847.0,
    8847.0,
    8847.0,
    8847.0,
    8839.6,
    8835.2,
    8833.4,
    8833.0,
    8832.2,
    8832.0,
    8832.0,
    8832.0,
    8832.0,
    8832.0,
    8832.0,
    8832.0,
    8832.0,
    8832.0,
    8832.0,
    8832.0,
    8832.0,
    8832.0,
    8832.0,
    8832.0,
    8832.0,
    8832.0,
    8832.0,
    8832.0,
    8832.0,
    8832.0,
    8832.0,
    8832.0,
    8832.0,
    8832.0,
    8832.0,
    8832.0,
    8832.0,
    8832.0,
    8832.0,
    8832.0,
    8832.0,
    8832.0,
    8832.0,
    8832.0,
    8832.0,
    8832.0,
    8832.0,
    8832.0,
    8832.0,
    8832.0,
    8832.0,
    8832.0,
    8832.0,
    8832.0,
    8832.0,
    8832.0,
    8832.0,
    8832.0,
    8832.0,
    8832.0,
    8832.0,
    8832.0,
    8832.0,
    8832.0,
    8832.0,
    8832.0,
    8832.0,
    8832.0,
    8832.0,
    8832.0,
    8832.0,
    8832.0,
    8832.0,
    8832.0,
    8832.0,
    8832.0,
    8825.7,
    8824.1,
    8824.0,
    8824.0,
    8824.0,
    8824.0,
    8824.0,
    8824.0,
    8824.0,
    8824.0,
    8824.0,
    8824.0,
    8824.0,
    8824.0,
    8824.0,
    8824.0,
    8824.0,
    8824.0,
    8824.0,
    8824.0,
    8824.0,
    8824.0,
    8824.0,
    8824.0,
    8824.0,
    8824.0,
    8824.0,
    8824.0,
    8824.0,
    8824.0,
    8824.0,
    8824.0,
    8824.0,
    8824.0,
    8824.0,
    8824.0,
    8822.3,
    8822.0,
    8822.0,
    8822.0,
    8822.0,
    8822.0,
    8822.0,
    8822.0,
    8822.0,
    8822.0,
    8822.0,
    8822.0,
    8822.0,
    8822.0,
    8822.0,
    8822.0,
    8822.0,
    8822.0,
    8822.0,
    8822.0,
    8822.0,
    8822.0,
    8822.0,
    8822.0,
    8822.0,
    8822.0,
    8822.0,
    8822.0,
    8822.0,
    8822.0,
    8822.0,
    8822.0,
    8822.0,
    8822.0,
    8822.0,
    8817.1,
    8814.2,
    8814.0,
    8814.0,
    8814.0,
    8814.0,
    8814.0,
    8814.0,
    8814.0,
    8814.0,
    8814.0,
    8814.0,
    8814.0,
    8814.0,
    8814.0,
    8814.0,
    8814.0,
    8814.0,
    8814.0,
    8814.0,
    8814.0,
    8814.0,
    8814.0,
    8814.0,
    8814.0,
    8814.0,
    8814.0,
    8814.0,
    8814.0,
    8814.0,
    8814.0,
    8814.0,
    8814.0,
    8814.0,
    8814.0,
    8814.0,
    8814.0,
    8814.0,
    8814.0,
    8814.0,
    8814.0,
    8814.0,
    8814.0,
    8814.0,
    8814.0,
    8814.0,
    8814.0,
    8814.0,
    8814.0,
    8814.0,
    8814.0,
    8814.0,
    8814.0,
    8814.0,
    8814.0,
    8814.0,
    8814.0,
    8814.0,
    8814.0,
    8814.0,
    8814.0,
    8814.0,
    8814.0,
    8814.0,
    8814.0,
    8814.0,
    8814.0,
    8814.0,
    8814.0,
    8814.0,
    8814.0,
    8814.0,
    8814.0,
    8814.0,
    8814.0,
    8814.0,
    8814.0,
    8814.0,
    8814.0,
    8814.0,
    8814.0,
    8814.0,
    8814.0,
    8814.0,
    8814.0,
    8814.0,
    8814.0,
    8814.0,
    8814.0,
    8814.0,
    8814.0,
    8814.0
   ],
   "sol cost stdev recorded every ith iter": 20,