{
 "args": {
  "alg": "mfaco",
  "ants": 64,
  "backup list size": 64,
  "beta": 1.0,
  "cand list size": 16,
  "count new edges": 0,
  "gbest as source prob": 0.01,
  "id": "default",
  "iterations": 200,
  "keep better ant sol": 1,
  "local search": 1,
  "ls cand list size": 20,
  "min new edges": 8,
  "p best": 0.1,
  "picture": true,
  "problem": "kroA100.tsp",
  "repeat": 1,
  "results dir": "results",
  "rho": 0.5,
  "seed": 149420125,
  "source sol local update": 1,
  "threads": 0
 },
 "executions": [
  {
   "ants solutions updates": 1196,
   "best sol cost iterations": [
    0,
    1,
    2,
    3,
    4,
    5,
    6,
    7,
    8,
    9,
    10,
    11,
    12,
    13,
    14,
    15,
    17,
    18,
    19,
    20,
    21,
    22,
    23,
    24,
    25,
    27,
    32,
    33,
    34,
    35,
    41,
    48
   ],
   "best sol cost times": [
    0.000467,
    0.001114,
    0.001865,
    0.002648,
    0.00347,
    0.004403,
    0.005457,
    0.006564,
    0.007627,
    0.008719,
    0.009844,
    0.011221,
    0.012217,
    0.013315,
    0.014423,
    0.015507,
    0.01766,
    0.018827,
    0.01985,
    0.020902,
    0.021851,
    0.023037,
    0.024195,
    0.025235,
    0.026236,
    0.028591,
    0.034636,
    0.035891,
    0.036982,
    0.038197,
    0.04623,
    0.054075
   ],
   "best sol cost values": [
    210226.0,
    210083.0,
    209465.0,
    209102.0,
    208540.0,
    207281.0,
    206867.0,
    206764.0,
    206415.0,
    206117.0,
    205854.0,
    205806.0,
    205771.0,
    205399.0,
    204863.0,
    204667.0,
    204626.0,
    204346.0,
    204216.0,
    204152.0,
    204142.0,
    204074.0,
    204064.0,
    203976.0,
    203975.0,
    203963.0,
    203946.0,
    203858.0,
    203701.0,
    203695.0,
    203386.0,
    203371.0
   ],
   "execution time": 0.22873590000000002,
   "final cost": 203371.0,
   "final error": 0.510035139048824,
   "finished_at": "2024-09-26T04:35:36.890832700",
   "initial sol cost": 210867.0,
   "initial solutions build time": 0.0032653,
   "local source solutions updates": 97,
   "pher_deposition_time": 0.004000186920166016,
   "sol cost mean recorded every ith iter": 20,
   "sol cost mean values": [
    210803.1,
    204497.7,
    203740.4,
    203376.1,
    203371.0,
    203371.0,
    203371.0,
    203371.0,
    203371.0,
    203371.0
   ],
   "sol cost stdev recorded every ith iter": 20,
   "sol cost stdev values": [
    164.7,
    251.6,
    85.9,
    11.3,
    0.0,
    0.0,
    0.0,
    0.0,
    0.0,
    0.0
   ],
   "started_at": "2024-09-26T04:35:36.662081300",
   "total new edges": 0
  }
 ],
 "nn and backup lists calc time": 0.01301,
 "trial max cost": 203371,
 "trial max error": 0.510035139048824,
 "trial mean cost": 203371.0,
 "trial mean error": 0.510035139048824,
 "trial min cost": 203371,
 "trial min error": 0.510035139048824,
 "trial stdev cost": 0.0,
 "trial time": 0.2315761
}