{
 "args": {
  "alg": "mfaco",
  "ants": 128,
  "backup list size": 64,
  "beta": 1.0,
  "cand list size": 16,
  "count new edges": 0,
  "gbest as source prob": 0.01,
  "id": "default",
  "iterations": 5000,
  "keep better ant sol": 1,
  "local search": 1,
  "ls cand list size": 20,
  "min new edges": 8,
  "p best": 0.1,
  "picture": true,
  "problem": ".\\instances\\rat783.tsp",
  "repeat": 1,
  "results dir": "results",
  "rho": 0.5,
  "seed": 4163582601,
  "source sol local update": 1,
  "threads": 0
 },
 "executions": [
  {
   "ants solutions updates": 3612,
   "best sol cost iterations": [
    0,
    1,
    2,
    3,
    4,
    5,
    6,
    7,
    8,
    10,
    11,
    12,
    13,
    15,
    17,
    20,
    24,
    25,
    26,
    33,
    34,
    35,
    37,
    38,
    40,
    45,
    49,
    50,
    51,
    59,
    60,
    62,
    65,
    70,
    71,
    76,
    77,
    78,
    79,
    82,
    83,
    89,
    102,
    106,
    113,
    117,
    118,
    119,
    121,
    126,
    129,
    197,
    198,
    590,
    626,
    627,
    640,
    698,
    705
   ],
   "best sol cost times": [
    0.000551,
    0.001972,
    0.002913,
    0.003682,
    0.004847,
    0.006212,
    0.007616,
    0.00931,
    0.010884,
    0.014089,
    0.015653,
    0.017301,
    0.019198,
    0.022871,
    0.026549,
    0.03208,
    0.039225,
    0.041237,
    0.042698,
    0.055233,
    0.056821,
    0.058568,
    0.06207,
    0.06372,
    0.067073,
    0.075794,
    0.08283,
    0.084692,
    0.086225,
    0.099563,
    0.101224,
    0.104304,
    0.108913,
    0.117499,
    0.119028,
    0.127022,
    0.128442,
    0.130135,
    0.131698,
    0.136798,
    0.138551,
    0.14851,
    0.169675,
    0.175827,
    0.186814,
    0.193151,
    0.194535,
    0.195979,
    0.199236,
    0.207148,
    0.211761,
    0.325579,
    0.327457,
    0.997792,
    1.05952,
    1.061101,
    1.084364,
    1.189171,
    1.201059
   ],
   "best sol cost values": [
    9093.0,
    9073.0,
    9071.0,
    9060.0,
    9032.0,
    9022.0,
    9019.0,
    9003.0,
    8994.0,
    8993.0,
    8990.0,
    8973.0,
    8971.0,
    8970.0,
    8969.0,
    8968.0,
    8964.0,
    8962.0,
    8956.0,
    8952.0,
    8948.0,
    8947.0,
    8939.0,
    8929.0,
    8924.0,
    8923.0,
    8922.0,
    8920.0,
    8917.0,
    8915.0,
    8914.0,
    8913.0,
    8910.0,
    8908.0,
    8906.0,
    8901.0,
    8900.0,
    8898.0,
    8896.0,
    8893.0,
    8889.0,
    8887.0,
    8885.0,
    8884.0,
    8881.0,
    8874.0,
    8873.0,
    8870.0,
    8861.0,
    8859.0,
    8857.0,
    8856.0,
    8854.0,
    8842.0,
    8841.0,
    8836.0,
    8835.0,
    8827.0,
    8821.0
   ],
   "execution time": 8.6748489,
   "final cost": 8821.0,
   "final error": 0.17033840563252328,
   "finished_at": "2024-09-26T04:01:47.528996700",
   "initial sol cost": 9094.0,
   "initial solutions build time": 0.010193200000000001,
   "local source solutions updates": 105,
   "pher_deposition_time": 0.10399985313415527,
   "sol cost mean recorded every ith iter": 20,
   "sol cost mean values": [
    9094.0,
    8975.1,
    8943.9,
    8919.6,
    8903.7,
    8887.9,
    8880.2,
    8858.3,
    8857.0,
    8857.0,
    8856.3,
    8854.3,
    8854.1,
    8854.0,
    8854.0,
    8854.0,
    8854.0,
    8854.0,
    8854.0,
    8854.0,
    8854.0,
    8854.0,
    8854.0,
    8854.0,
    8854.0,
    8854.0,
    8854.0,
    8854.0,
    8854.0,
    8854.0,
    8844.8,
    8842.1,
    8837.4,
    8835.2,
    8835.0,
    8833.5,
    8822.1,
    8821.0,
    8821.0,
    8821.0,
    8821.0,
    8821.0,
    8821.0,
    8821.0,
    8821.0,
    8821.0,
    8821.0,
    8821.0,
    8821.0,
    8821.0,
    8821.0,
    8821.0,
    8821.0,
    8821.0,
    8821.0,
    8821.0,
    8821.0,
    8821.0,
    8821.0,
    8821.0,
    8821.0,
    8821.0,
    8821.0,
    8821.0,
    8821.0,
    8821.0,
    8821.0,
    8821.0,
    8821.0,
    8821.0,
    8821.0,
    8821.0,
    8821.0,
    8821.0,
    8821.0,
    8821.0,
    8821.0,
    8821.0,
    8821.0,
    8821.0,
    8821.0,
    8821.0,
    8821.0,
    8821.0,
    8821.0,
    8821.0,
    8821.0,
    8821.0,
    8821.0,
    8821.0,
    8821.0,
    8821.0,
    8821.0,
    8821.0,
    8821.0,
    8821.0,
    8821.0,
    8821.0,
    8821.0,
    8821.0,
    8821.0,
    8821.0,
    8821.0,
    8821.0,
    8821.0,
    8821.0,
    8821.0,
    8821.0,
    8821.0,
    8821.0,
    8821.0,
    8821.0,
    8821.0,
    8821.0,
    8821.0,
    8821.0,
    8821.0,
    8821.0,
    8821.0,
    8821.0,
    8821.0,
    8821.0,
    8821.0,
    8821.0,
    8821.0,
    8821.0,
    8821.0,
    8821.0,
    8821.0,
    8821.0,
    8821.0,
    8821.0,
    8821.0,
    8821.0,
    8821.0,
    8821.0,
    8821.0,
    8821.0,
    8821.0,
    8821.0,
    8821.0,
    8821.0,
    8821.0,
    8821.0,
    8821.0,
    8821.0,
    8821.0,
    8821.0,
    8821.0,
    8821.0,
    8821.0,
    8821.0,
    8821.0,
    8821.0,
    8821.0,
    8821.0,
    8821.0,
    8821.0,
    8821.0,
    8821.0,
    8821.0,
    8821.0,
    8821.0,
    8821.0,
    8821.0,
    8821.0,
    8821.0,
    8821.0,
    8821.0,
    8821.0,
    8821.0,
    8821.0,
    8821.0,
    8821.0,
    8821.0,
    8821.0,
    8821.0,
    8821.0,
    8821.0,
    8821.0,
    8821.0,
    8821.0,
    8821.0,
    8821.0,
    8821.0,
    8821.0,
    8821.0,
    8821.0,
    8821.0,
    8821.0,
    8821.0,
    8821.0,
    8821.0,
    8821.0,
    8821.0,
    8821.0,
    8821.0,
    8821.0,
    8821.0,
    8821.0,
    8821.0,
    8821.0,
    8821.0,
    8821.0,
    8821.0,
    8821.0,
    8821.0,
    8821.0,
    8821.0,
    8821.0,
    8821.0,
    8821.0,
    8821.0,
    8821.0,
    8821.0,
    8821.0,
    8821.0,
    8821.0,
    8821.0,
    8821.0,
    8821.0,
    8821.0,
    8821.0,
    8821.0,
    8821.0,
    8821.0,
    8821.0,
    8821.0,
    8821.0,
    8821.0,
    8821.0,
    8821.0,
    8821.0,
    8821.0,
    8821.0,
    8821.0,
    8821.0,
    8821.0,
    8821.0,
    8821.0,
    8821.0,
    8821.0,
    8821.0,
    8821.0,
    8821.0,
    8821.0,
    8821.0,
    8821.0,
    8821.0,
    8821.0
   ],
   "sol cost stdev recorded every ith iter": 20,