{
 "args": {
  "alg": "mfaco",
  "ants": 128,
  "backup list size": 64,
  "beta": 1.0,
  "cand list size": 16,
  "count new edges": 0,
  "gbest as source prob": 0.01,
  "id": "default",
  "iterations": 5000,
  "keep better ant sol": 1,
  "local search": 1,
  "ls cand list size": 20,
  "min new edges": 8,
  "p best": 0.1,
  "picture": true,
  "problem": ".\\instances\\rat783.tsp",
  "repeat": 1,
  "results dir": "results",
  "rho": 0.5,
  "seed": 4233945677,
  "source sol local update": 1,
  "threads": 0
 },
 "executions": [
  {
   "ants solutions updates": 3591,
   "best sol cost iterations": [
    0,
    1,
    2,
    3,
    4,
    5,
    6,
    7,
    8,
    9,
    10,
    11,
    12,
    13,
    14,
    15,
    16,
    17,
    19,
    26,
    28,
    30,
    35,
    38,
    39,
    41,
    42,
    44,
    45,
    49,
    54,
    68,
    76,
    108,
    158,
    161,
    287,
    305,
    382,
    391,
    410,
    460,
    510,
    565,
    566,
    3109,
    3282,
    3292
   ],
   "best sol cost times": [
    0.000948,
    0.002631,
    0.003406,
    0.00419,
    0.005342,
    0.006397,
    0.007753,
    0.009372,
    0.011004,
    0.012618,
    0.01438,
    0.016773,
    0.018833,
    0.020452,
    0.022141,
    0.023751,
    0.02553,
    0.027201,
    0.030768,
    0.042587,
    0.045985,
    0.049275,
    0.057655,
    0.063046,
    0.064896,
    0.068225,
    0.06997,
    0.07354,
    0.075195,
    0.082216,
    0.090716,
    0.116428,
    0.12971,
    0.185329,
    0.270262,
    0.275833,
    0.489087,
    0.520925,
    0.652362,
    0.667716,
    0.700944,
    0.784428,
    0.866924,
    0.960825,
    0.962275,
    5.354428,
    5.660292,
    5.676535
   ],
   "best sol cost values": [
    9063.0,
    9054.0,
    9027.0,
    9003.0,
    8998.0,
    8977.0,
    8975.0,
    8974.0,
    8963.0,
    8960.0,
    8959.0,
    8956.0,
    8952.0,
    8943.0,
    8936.0,
    8929.0,
    8921.0,
    8919.0,
    8913.0,
    8912.0,
    8905.0,
    8904.0,
    8900.0,
    8899.0,
    8896.0,
    8895.0,
    8894.0,
    8891.0,
    8885.0,
    8884.0,
    8882.0,
    8881.0,
    8879.0,
    8877.0,
    8874.0,
    8870.0,
    8868.0,
    8866.0,
    8865.0,
    8864.0,
    8861.0,
    8860.0,
    8859.0,
    8856.0,
    8850.0,
    8846.0,
    8844.0,
    8841.0
   ],
   "execution time": 8.6006555,
   "final cost": 8841.0,
   "final error": 0.397456279809221,
   "finished_at": "2024-09-26T03:53:50.632128800",
   "initial sol cost": 9067.0,
   "initial solutions build time": 0.0106896,
   "local source solutions updates": 83,
   "pher_deposition_time": 0.1120004653930664,
   "sol cost mean recorded every ith iter": 20,
   "sol cost mean values": [
    9066.9,
    8930.3,
    8903.6,
    8884.3,
    8881.3,
    8879.2,
    8877.6,
    8877.1,
    8876.5,
    8870.8,
    8870.0,
    8870.0,
    8870.0,
    8870.0,
    8870.0,
    8868.7,
    8866.6,
    8866.1,
    8866.0,
    8866.0,
    8864.5,
    8862.0,
    8861.0,
    8861.0,
    8860.1,
    8860.0,
    8859.4,
    8859.0,
    8859.0,
    8851.3,
    8850.2,
    8850.1,
    8850.0,
    8850.0,
    8850.0,
    8850.0,
    8850.0,
    8850.0,
    8850.0,
    8850.0,
    8850.0,
    8850.0,
    8850.0,
    8850.0,
    8850.0,
    8850.0,
    8850.0,
    8850.0,
    8850.0,
    8850.0,
    8850.0,
    8850.0,
    8850.0,
    8850.0,
    8850.0,
    8850.0,
    8850.0,
    8850.0,
    8850.0,
    8850.0,
    8850.0,
    8850.0,
    8850.0,
    8850.0,
    8850.0,
    8850.0,
    8850.0,
    8850.0,
    8850.0,
    8850.0,
    8850.0,
    8850.0,
    8850.0,
    8850.0,
    8850.0,
    8850.0,
    8850.0,
    8850.0,
    8850.0,
    8850.0,
    8850.0,
    8850.0,
    8850.0,
    8850.0,
    8850.0,
    8850.0,
    8850.0,
    8850.0,
    8850.0,
    8850.0,
    8850.0,
    8850.0,
    8850.0,
    8850.0,
    8850.0,
    8850.0,
    8850.0,
    8850.0,
    8850.0,
    8850.0,
    8850.0,
    8850.0,
    8850.0,
    8850.0,
    8850.0,
    8850.0,
    8850.0,
    8850.0,
    8850.0,
    8850.0,
    8850.0,
    8850.0,
    8850.0,
    8850.0,
    8850.0,
    8850.0,
    8850.0,
    8850.0,
    8850.0,
    8850.0,
    8850.0,
    8850.0,
    8850.0,
    8850.0,
    8850.0,
    8850.0,
    8850.0,
    8850.0,
    8850.0,
    8850.0,
    8850.0,
    8850.0,
    8850.0,
    8850.0,
    8850.0,
    8850.0,
    8850.0,
    8850.0,
    8850.0,
    8850.0,
    8850.0,
    8850.0,
    8850.0,
    8850.0,
    8850.0,
    8850.0,
    8850.0,
    8850.0,
    8850.0,
    8850.0,
    8850.0,
    8850.0,
    8850.0,
    8850.0,
    8850.0,
    8850.0,
    8847.3,
    8846.1,
    8846.0,
    8846.0,
    8846.0,
    8846.0,
    8846.0,
    8846.0,
    8846.0,
    8842.4,
    8841.2,
    8841.0,
    8841.0,
    8841.0,
    8841.0,
    8841.0,
    8841.0,
    8841.0,
    8841.0,
    8841.0,
    8841.0,
    8841.0,
    8841.0,
    8841.0,
    8841.0,
    8841.0,
    8841.0,
    8841.0,
    8841.0,
    8841.0,
    8841.0,
    8841.0,
    8841.0,
    8841.0,
    8841.0,
    8841.0,
    8841.0,
    8841.0,
    8841.0,
    8841.0,
    8841.0,
    8841.0,
    8841.0,
    8841.0,
    8841.0,
    8841.0,
    8841.0,
    8841.0,
    8841.0,
    8841.0,
    8841.0,
    8841.0,
    8841.0,
    8841.0,
    8841.0,
    8841.0,
    8841.0,
    8841.0,
    8841.0,
    8841.0,
    8841.0,
    8841.0,
    8841.0,
    8841.0,
    8841.0,
    8841.0,
    8841.0,
    8841.0,
    8841.0,
    8841.0,
    8841.0,
    8841.0,
    8841.0,
    8841.0,
    8841.0,
    8841.0,
    8841.0,
    8841.0,
    8841.0,
    8841.0,
    8841.0,
    8841.0,
    8841.0,
    8841.0,
    8841.0,
    8841.0,
    8841.0,
    8841.0,
    8841.0,
    8841.0,
    8841.0,
    8841.0,
    8841.0,
    8841.0
   ],
   "sol cost stdev recorded every ith iter": 20,