{
 "args": {
  "alg": "mfaco",
  "ants": 128,
  "backup list size": 64,
  "beta": 1.0,
  "cand list size": 16,
  "count new edges": 0,
  "gbest as source prob": 0.01,
  "id": "default",
  "iterations": 5000,
  "keep better ant sol": 1,
  "local search": 1,
  "ls cand list size": 20,
  "min new edges": 8,
  "p best": 0.1,
  "picture": true,
  "problem": ".\\instances\\rat783.tsp",
  "repeat": 1,
  "results dir": "results",
  "rho": 0.5,
  "seed": 1044269234,
  "source sol local update": 1,
  "threads": 0
 },
 "executions": [
  {
   "ants solutions updates": 3271,
   "best sol cost iterations": [
    0,
    1,
    2,
    3,
    4,
    5,
    7,
    8,
    9,
    10,
    11,
    12,
    13,
    14,
    15,
    16,
    17,
    18,
    21,
    24,
    25,
    27,
    28,
    29,
    30,
    32,
    33,
    35,
    37,
    38,
    43,
    57,
    66,
    79,
    80,
    81,
    139,
    140,
    195,
    281,
    580,
    581,
    592,
    2251,
    2330,
    2332,
    4635,
    4636
   ],
   "best sol cost times": [
    0.000802,
    0.002636,
    0.003329,
    0.004248,
    0.005206,
    0.006134,
    0.009146,
    0.010697,
    0.012461,
    0.014214,
    0.015823,
    0.017223,
    0.018817,
    0.020569,
    0.022664,
    0.024122,
    0.025792,
    0.02739,
    0.0335,
    0.038318,
    0.039952,
    0.043474,
    0.045182,
    0.046764,
    0.048541,
    0.051925,
    0.053546,
    0.056649,
    0.059918,
    0.061606,
    0.069701,
    0.093675,
    0.108996,
    0.1312,
    0.132768,
    0.134877,
    0.236832,
    0.238584,
    0.33657,
    0.483455,
    0.991683,
    0.993229,
    1.011655,
    3.743856,
    3.877786,
    3.881419,
    7.738114,
    7.739638
   ],
   "best sol cost values": [
    9078.0,
    9055.0,
    9040.0,
    9034.0,
    9025.0,
    9021.0,
    9000.0,
    8994.0,
    8976.0,
    8957.0,
    8952.0,
    8948.0,
    8941.0,
    8933.0,
    8932.0,
    8930.0,
    8929.0,
    8926.0,
    8917.0,
    8916.0,
    8912.0,
    8910.0,
    8906.0,
    8902.0,
    8897.0,
    8895.0,
    8892.0,
    8891.0,
    8886.0,
    8880.0,
    8878.0,
    8876.0,
    8875.0,
    8856.0,
    8854.0,
    8853.0,
    8851.0,
    8848.0,
    8846.0,
    8844.0,
    8843.0,
    8842.0,
    8836.0,
    8835.0,
    8832.0,
    8831.0,
    8828.0,
    8827.0
   ],
   "execution time": 8.3801099,
   "final cost": 8827.0,
   "final error": 0.2384737678855326,
   "finished_at": "2024-09-26T04:14:51.040296300",
   "initial sol cost": 9085.0,
   "initial solutions build time": 0.0107043,
   "local source solutions updates": 105,
   "pher_deposition_time": 0.11499905586242676,
   "sol cost mean recorded every ith iter": 20,
   "sol cost mean values": [
    9084.6,
    8935.6,
    8891.0,
    8877.7,
    8871.1,
    8853.4,
    8853.0,
    8852.7,
    8848.3,
    8848.0,
    8847.2,
    8846.2,
    8846.0,
    8846.0,
    8846.0,
    8844.3,
    8844.0,
    8844.0,
    8844.0,
    8844.0,
    8844.0,
    8844.0,
    8844.0,
    8844.0,
    8844.0,
    8844.0,
    8844.0,
    8844.0,
    8844.0,
    8844.0,
    8838.0,
    8836.2,
    8836.0,
    8836.0,
    8836.0,
    8836.0,
    8836.0,
    8836.0,
    8836.0,
    8836.0,
    8836.0,
    8836.0,
    8836.0,
    8836.0,
    8836.0,
    8836.0,
    8836.0,
    8836.0,
    8836.0,
    8836.0,
    8836.0,
    8836.0,
    8836.0,
    8836.0,
    8836.0,
    8836.0,
    8836.0,
    8836.0,
    8836.0,
    8836.0,
    8836.0,
    8836.0,
    8836.0,
    8836.0,
    8836.0,
    8836.0,
    8836.0,
    8836.0,
    8836.0,
    8836.0,
    8836.0,
    8836.0,
    8836.0,
    8836.0,
    8836.0,
    8836.0,
    8836.0,
    8836.0,
    8836.0,
    8836.0,
    8836.0,
    8836.0,
    8836.0,
    8836.0,
    8836.0,
    8836.0,
    8836.0,
    8836.0,
    8836.0,
    8836.0,
    8836.0,
    8836.0,
    8836.0,
    8836.0,
    8836.0,
    8836.0,
    8836.0,
    8836.0,
    8836.0,
    8836.0,
    8836.0,
    8836.0,
    8836.0,
    8836.0,
    8836.0,
    8836.0,
    8836.0,
    8836.0,
    8836.0,
    8836.0,
    8836.0,
    8836.0,
    8836.0,
    8835.3,
    8835.0,
    8835.0,
    8835.0,
    8832.5,
    8831.1,
    8831.0,
    8831.0,
    8831.0,
    8831.0,
    8831.0,
    8831.0,
    8831.0,
    8831.0,
    8831.0,
    8831.0,
    8831.0,
    8831.0,
    8831.0,
    8831.0,
    8831.0,
    8831.0,
    8831.0,
    8831.0,
    8831.0,
    8831.0,
    8831.0,
    8831.0,
    8831.0,
    8831.0,
    8831.0,
    8831.0,
    8831.0,
    8831.0,
    8831.0,
    8831.0,
    8831.0,
    8831.0,
    8831.0,
    8831.0,
    8831.0,
    8831.0,
    8831.0,
    8831.0,
    8831.0,
    8831.0,
    8831.0,
    8831.0,
    8831.0,
    8831.0,
    8831.0,
    8831.0,
    8831.0,
    8831.0,
    8831.0,
    8831.0,
    8831.0,
    8831.0,
    8831.0,
    8831.0,
    8831.0,
    8831.0,
    8831.0,
    8831.0,
    8831.0,
    8831.0,
    8831.0,
    8831.0,
    8831.0,
    8831.0,
    8831.0,
    8831.0,
    8831.0,
    8831.0,
    8831.0,
    8831.0,
    8831.0,
    8831.0,
    8831.0,
    8831.0,
    8831.0,
    8831.0,
    8831.0,
    8831.0,
    8831.0,
    8831.0,
    8831.0,
    8831.0,
    8831.0,
    8831.0,
    8831.0,
    8831.0,
    8831.0,
    8831.0,
    8831.0,
    8831.0,
    8831.0,
    8831.0,
    8831.0,
    8831.0,
    8831.0,
    8831.0,
    8831.0,
    8831.0,
    8831.0,
    8831.0,
    8831.0,
    8831.0,
    8831.0,
    8831.0,
    8831.0,
    8831.0,
    8831.0,
    8831.0,
    8831.0,
    8831.0,
    8831.0,
    8831.0,
    8831.0,
    8829.2,
    8827.1,
    8827.0,
    8827.0,
    8827.0,
    8827.0,
    8827.0,
    8827.0,
    8827.0,
    8827.0,
    8827.0,
    8827.0,
    8827.0,
    8827.0,
    8827.0,
    8827.0,
    8827.0,
    8827.0
   ],
   "sol cost stdev recorded every ith iter": 20,