{
 "args": {
  "alg": "mfaco",
  "ants": 128,
  "backup list size": 64,
  "beta": 1.0,
  "cand list size": 16,
  "count new edges": 0,
  "gbest as source prob": 0.01,
  "id": "default",
  "iterations": 5000,
  "keep better ant sol": 1,
  "local search": 1,
  "ls cand list size": 20,
  "min new edges": 8,
  "p best": 0.1,
  "picture": true,
  "problem": ".\\instances\\rat783.tsp",
  "repeat": 1,
  "results dir": "results",
  "rho": 0.5,
  "seed": 691394628,
  "source sol local update": 1,
  "threads": 0
 },
 "executions": [
  {
   "ants solutions updates": 3446,
   "best sol cost iterations": [
    0,
    1,
    2,
    3,
    4,
    5,
    6,
    8,
    9,
    10,
    11,
    12,
    13,
    14,
    15,
    17,
    18,
    19,
    20,
    21,
    23,
    25,
    29,
    30,
    32,
    33,
    37,
    40,
    42,
    43,
    45,
    47,
    49,
    51,
    53,
    59,
    65,
    68,
    71,
    72,
    74,
    87,
    89,
    94,
    100,
    104,
    109,
    123,
    129,
    155,
    157,
    196,
    204,
    225,
    226,
    240,
    253,
    255
   ],
   "best sol cost times": [
    0.0011,
    0.002902,
    0.003787,
    0.004783,
    0.0058,
    0.006853,
    0.008097,
    0.011458,
    0.013252,
    0.014942,
    0.016503,
    0.018097,
    0.0196,
    0.02114,
    0.022813,
    0.025973,
    0.027563,
    0.029411,
    0.030802,
    0.032494,
    0.035772,
    0.039103,
    0.045703,
    0.047387,
    0.050664,
    0.052224,
    0.058896,
    0.06369,
    0.06697,
    0.068769,
    0.072088,
    0.075376,
    0.078449,
    0.081753,
    0.084964,
    0.095056,
    0.105213,
    0.110156,
    0.11552,
    0.117075,
    0.120167,
    0.144943,
    0.148894,
    0.157785,
    0.168849,
    0.175393,
    0.183559,
    0.206878,
    0.216603,
    0.26033,
    0.263531,
    0.330129,
    0.343762,
    0.379133,
    0.380654,
    0.404199,
    0.426062,
    0.429295
   ],
   "best sol cost values": [
    9074.0,
    9067.0,
    9040.0,
    9030.0,
    9025.0,
    9017.0,
    9006.0,
    9001.0,
    8992.0,
    8983.0,
    8979.0,
    8960.0,
    8949.0,
    8944.0,
    8940.0,
    8938.0,
    8936.0,
    8931.0,
    8928.0,
    8927.0,
    8926.0,
    8921.0,
    8920.0,
    8913.0,
    8912.0,
    8905.0,
    8904.0,
    8902.0,
    8900.0,
    8896.0,
    8891.0,
    8877.0,
    8875.0,
    8874.0,
    8873.0,
    8871.0,
    8870.0,
    8869.0,
    8868.0,
    8866.0,
    8862.0,
    8860.0,
    8859.0,
    8858.0,
    8856.0,
    8849.0,
    8847.0,
    8846.0,
    8840.0,
    8838.0,
    8837.0,
    8835.0,
    8834.0,
    8833.0,
    8830.0,
    8826.0,
    8823.0,
    8821.0
   ],
   "execution time": 8.5552819,
   "final cost": 8821.0,
   "final error": 0.17033840563252328,
   "finished_at": "2024-09-26T04:23:00.390683400",
   "initial sol cost": 9088.0,
   "initial solutions build time": 0.0107293,
   "local source solutions updates": 107,
   "pher_deposition_time": 0.1100013256072998,
   "sol cost mean recorded every ith iter": 20,
   "sol cost mean values": [
    9087.2,
    8943.7,
    8910.2,
    8876.1,
    8866.1,
    8859.3,
    8848.6,
    8841.8,
    8838.8,
    8837.2,
    8836.5,
    8834.3,
    8830.8,
    8823.8,
    8821.1,
    8821.0,
    8821.0,
    8821.0,
    8821.0,
    8821.0,
    8821.0,
    8821.0,
    8821.0,
    8821.0,
    8821.0,
    8821.0,
    8821.0,
    8821.0,
    8821.0,
    8821.0,
    8821.0,
    8821.0,
    8821.0,
    8821.0,
    8821.0,
    8821.0,
    8821.0,
    8821.0,
    8821.0,
    8821.0,
    8821.0,
    8821.0,
    8821.0,
    8821.0,
    8821.0,
    8821.0,
    8821.0,
    8821.0,
    8821.0,
    8821.0,
    8821.0,
    8821.0,
    8821.0,
    8821.0,
    8821.0,
    8821.0,
    8821.0,
    8821.0,
    8821.0,
    8821.0,
    8821.0,
    8821.0,
    8821.0,
    8821.0,
    8821.0,
    8821.0,
    8821.0,
    8821.0,
    8821.0,
    8821.0,
    8821.0,
    8821.0,
    8821.0,
    8821.0,
    8821.0,
    8821.0,
    8821.0,
    8821.0,
    8821.0,
    8821.0,
    8821.0,
    8821.0,
    8821.0,
    8821.0,
    8821.0,
    8821.0,
    8821.0,
    8821.0,
    8821.0,
    8821.0,
    8821.0,
    8821.0,
    8821.0,
    8821.0,
    8821.0,
    8821.0,
    8821.0,
    8821.0,
    8821.0,
    8821.0,
    8821.0,
    8821.0,
    8821.0,
    8821.0,
    8821.0,
    8821.0,
    8821.0,
    8821.0,
    8821.0,
    8821.0,
    8821.0,
    8821.0,
    8821.0,
    8821.0,
    8821.0,
    8821.0,
    8821.0,
    8821.0,
    8821.0,
    8821.0,
    8821.0,
    8821.0,
    8821.0,
    8821.0,
    8821.0,
    8821.0,
    8821.0,
    8821.0,
    8821.0,
    8821.0,
    8821.0,
    8821.0,
    8821.0,
    8821.0,
    8821.0,
    8821.0,
    8821.0,
    8821.0,
    8821.0,
    8821.0,
    8821.0,
    8821.0,
    8821.0,
    8821.0,
    8821.0,
    8821.0,
    8821.0,
    8821.0,
    8821.0,
    8821.0,
    8821.0,
    8821.0,
    8821.0,
    8821.0,
    8821.0,
    8821.0,
    8821.0,
    8821.0,
    8821.0,
    8821.0,
    8821.0,
    8821.0,
    8821.0,
    8821.0,
    8821.0,
    8821.0,
    8821.0,
    8821.0,
    8821.0,
    8821.0,
    8821.0,
    8821.0,
    8821.0,
    8821.0,
    8821.0,
    8821.0,
    8821.0,
    8821.0,
    8821.0,
    8821.0,
    8821.0,
    8821.0,
    8821.0,
    8821.0,
    8821.0,
    8821.0,
    8821.0,
    8821.0,
    8821.0,
    8821.0,
    8821.0,
    8821.0,
    8821.0,
    8821.0,
    8821.0,
    8821.0,
    8821.0,
    8821.0,
    8821.0,
    8821.0,
    8821.0,
    8821.0,
    8821.0,
    8821.0,
    8821.0,
    8821.0,
    8821.0,
    8821.0,
    8821.0,
    8821.0,
    8821.0,
    8821.0,
    8821.0,
    8821.0,
    8821.0,
    8821.0,
    8821.0,
    8821.0,
    8821.0,
    8821.0,
    8821.0,
    8821.0,
    8821.0,
    8821.0,
    8821.0,
    8821.0,
    8821.0,
    8821.0,
    8821.0,
    8821.0,
    8821.0,
    8821.0,
    8821.0,
    8821.0,
    8821.0,
    8821.0,
    8821.0,
    8821.0,
    8821.0,
    8821.0,
    8821.0,
    8821.0,
    8821.0,
    8821.0,
    8821.0,
    8821.0,
    8821.0,
    8821.0,
    8821.0,
    8821.0
   ],
   "sol cost stdev recorded every ith iter": 20,