{
 "args": {
  "alg": "mfaco",
  "ants": 128,
  "backup list size": 64,
  "beta": 1.0,
  "cand list size": 16,
  "count new edges": 0,
  "gbest as source prob": 0.01,
  "id": "default",
  "iterations": 5000,
  "keep better ant sol": 1,
  "local search": 1,
  "ls cand list size": 20,
  "min new edges": 8,
  "p best": 0.1,
  "picture": true,
  "problem": ".\\instances\\rat783.tsp",
  "repeat": 1,
  "results dir": "results",
  "rho": 0.5,
  "seed": 2280541855,
  "source sol local update": 1,
  "threads": 0
 },
 "executions": [
  {
   "ants solutions updates": 3198,
   "best sol cost iterations": [
    0,
    1,
    2,
    3,
    5,
    6,
    7,
    8,
    9,
    10,
    11,
    12,
    16,
    18,
    19,
    21,
    22,
    23,
    29,
    39,
    46,
    50,
    51,
    55,
    58,
    65,
    76,
    77,
    86,
    87,
    90,
    93,
    96,
    97,
    126,
    245,
    254,
    255,
    259,
    260,
    359,
    360,
    361,
    362,
    397,
    399,
    942,
    944,
    1364
   ],
   "best sol cost times": [
    0.000839,
    0.002432,
    0.003225,
    0.004203,
    0.006444,
    0.008061,
    0.009912,
    0.011857,
    0.013806,
    0.015717,
    0.017409,
    0.019109,
    0.026373,
    0.030763,
    0.032621,
    0.036271,
    0.03805,
    0.040202,
    0.051769,
    0.071945,
    0.086362,
    0.094282,
    0.096718,
    0.104944,
    0.111098,
    0.123941,
    0.146532,
    0.148308,
    0.167883,
    0.170059,
    0.176495,
    0.182498,
    0.188389,
    0.190162,
    0.24963,
    0.480287,
    0.495338,
    0.496993,
    0.50379,
    0.505389,
    0.709051,
    0.710975,
    0.712545,
    0.714153,
    0.777894,
    0.78167,
    1.769351,
    1.77246,
    2.507918
   ],
   "best sol cost values": [
    9044.0,
    9022.0,
    9009.0,
    8999.0,
    8995.0,
    8992.0,
    8973.0,
    8965.0,
    8955.0,
    8952.0,
    8950.0,
    8945.0,
    8936.0,
    8934.0,
    8923.0,
    8921.0,
    8918.0,
    8915.0,
    8913.0,
    8911.0,
    8910.0,
    8908.0,
    8906.0,
    8905.0,
    8902.0,
    8900.0,
    8899.0,
    8898.0,
    8896.0,
    8895.0,
    8893.0,
    8887.0,
    8885.0,
    8884.0,
    8882.0,
    8878.0,
    8877.0,
    8873.0,
    8869.0,
    8868.0,
    8866.0,
    8864.0,
    8863.0,
    8859.0,
    8857.0,
    8854.0,
    8850.0,
    8847.0,
    8841.0
   ],
   "execution time": 8.6886905,
   "final cost": 8841.0,
   "final error": -1.0,
   "finished_at": "2024-09-26T03:39:04.624381700",
   "initial sol cost": 9053.0,
   "initial solutions build time": 0.0113889,
   "local source solutions updates": 82,
   "pher_deposition_time": 0.09800052642822266,
   "sol cost mean recorded every ith iter": 20,
   "sol cost mean values": [
    9052.8,
    8941.5,
    8915.0,
    8906.9,
    8900.0,
    8889.0,
    8884.3,
    8882.5,
    8882.0,
    8882.0,
    8882.0,
    8882.0,
    8882.0,
    8875.4,
    8868.5,
    8868.0,
    8868.0,
    8868.0,
    8867.6,
    8859.8,
    8858.1,
    8854.2,
    8854.0,
    8854.0,
    8854.0,
    8854.0,
    8854.0,
    8854.0,
    8854.0,
    8854.0,
    8854.0,
    8854.0,
    8854.0,
    8854.0,
    8854.0,
    8854.0,
    8854.0,
    8854.0,
    8854.0,
    8854.0,
    8854.0,
    8854.0,
    8854.0,
    8854.0,
    8854.0,
    8854.0,
    8854.0,
    8854.0,
    8848.0,
    8847.1,
    8847.0,
    8847.0,
    8847.0,
    8847.0,
    8847.0,
    8847.0,
    8847.0,
    8847.0,
    8847.0,
    8847.0,
    8847.0,
    8847.0,
    8847.0,
    8847.0,
    8847.0,
    8847.0,
    8847.0,
    8847.0,
    8847.0,
    8841.8,
    8841.0,
    8841.0,
    8841.0,
    8841.0,
    8841.0,
    8841.0,
    8841.0,
    8841.0,
    8841.0,
    8841.0,
    8841.0,
    8841.0,
    8841.0,
    8841.0,
    8841.0,
    8841.0,
    8841.0,
    8841.0,
    8841.0,
    8841.0,
    8841.0,
    8841.0,
    8841.0,
    8841.0,
    8841.0,
    8841.0,
    8841.0,
    8841.0,
    8841.0,
    8841.0,
    8841.0,
    8841.0,
    8841.0,
    8841.0,
    8841.0,
    8841.0,
    8841.0,
    8841.0,
    8841.0,
    8841.0,
    8841.0,
    8841.0,
    8841.0,
    8841.0,
    8841.0,
    8841.0,
    8841.0,
    8841.0,
    8841.0,
    8841.0,
    8841.0,
    8841.0,
    8841.0,
    8841.0,
    8841.0,
    8841.0,
    8841.0,
    8841.0,
    8841.0,
    8841.0,
    8841.0,
    8841.0,
    8841.0,
    8841.0,
    8841.0,
    8841.0,
    8841.0,
    8841.0,
    8841.0,
    8841.0,
    8841.0,
    8841.0,
    8841.0,
    8841.0,
    8841.0,
    8841.0,
    8841.0,
    8841.0,
    8841.0,
    8841.0,
    8841.0,
    8841.0,
    8841.0,
    8841.0,
    8841.0,
    8841.0,
    8841.0,
    8841.0,
    8841.0,
    8841.0,
    8841.0,
    8841.0,
    8841.0,
    8841.0,
    8841.0,
    8841.0,
    8841.0,
    8841.0,
    8841.0,
    8841.0,
    8841.0,
    8841.0,
    8841.0,
    8841.0,
    8841.0,
    8841.0,
    8841.0,
    8841.0,
    8841.0,
    8841.0,
    8841.0,
    8841.0,
    8841.0,
    8841.0,
    8841.0,
    8841.0,
    8841.0,
    8841.0,
    8841.0,
    8841.0,
    8841.0,
    8841.0,
    8841.0,
    8841.0,
    8841.0,
    8841.0,
    8841.0,
    8841.0,
    8841.0,
    8841.0,
    8841.0,
    8841.0,
    8841.0,
    8841.0,
    8841.0,
    8841.0,
    8841.0,
    8841.0,
    8841.0,
    8841.0,
    8841.0,
    8841.0,
    8841.0,
    8841.0,
    8841.0,
    8841.0,
    8841.0,
    8841.0,
    8841.0,
    8841.0,
    8841.0,
    8841.0,
    8841.0,
    8841.0,
    8841.0,
    8841.0,
    8841.0,
    8841.0,
    8841.0,
    8841.0,
    8841.0,
    8841.0,
    8841.0,
    8841.0,
    8841.0,
    8841.0,
    8841.0,
    8841.0,
    8841.0,
    8841.0,
    8841.0,
    8841.0,
    8841.0,
    8841.0,
    8841.0,
    8841.0,
    8841.0,
    8841.0,
    8841.0,
    8841.0
   ],
   "sol cost stdev recorded every ith iter": 20,