{
 "args": {
  "alg": "mfaco",
  "ants": 128,
  "backup list size": 64,
  "beta": 1.0,
  "cand list size": 16,
  "count new edges": 0,
  "gbest as source prob": 0.01,
  "id": "default",
  "iterations": 5000,
  "keep better ant sol": 1,
  "local search": 1,
  "ls cand list size": 20,
  "min new edges": 8,
  "p best": 0.1,
  "picture": true,
  "problem": ".\\instances\\rat783.tsp",
  "repeat": 1,
  "results dir": "results",
  "rho": 0.5,
  "seed": 2087882241,
  "source sol local update": 1,
  "threads": 0
 },
 "executions": [
  {
   "ants solutions updates": 2535,
   "best sol cost iterations": [
    0,
    1,
    2,
    3,
    4,
    5,
    6,
    7,
    8,
    9,
    10,
    11,
    14,
    15,
    17,
    18,
    19,
    20,
    21,
    22,
    23,
    24,
    25,
    26,
    28,
    29,
    30,
    32,
    33,
    35,
    39,
    40,
    41,
    42,
    44,
    45,
    47,
    48,
    51,
    52,
    53,
    55,
    259,
    2707,
    2709,
    2710,
    3021,
    3022
   ],
   "best sol cost times": [
    0.000581,
    0.001989,
    0.002908,
    0.003754,
    0.004763,
    0.006053,
    0.007787,
    0.00966,
    0.011004,
    0.012576,
    0.014145,
    0.0158,
    0.021556,
    0.023558,
    0.026965,
    0.028606,
    0.030467,
    0.03198,
    0.033778,
    0.035485,
    0.037285,
    0.039216,
    0.040976,
    0.04271,
    0.046276,
    0.047917,
    0.04977,
    0.053187,
    0.054785,
    0.057845,
    0.064595,
    0.066086,
    0.067618,
    0.06916,
    0.072135,
    0.073742,
    0.076849,
    0.078515,
    0.083603,
    0.085266,
    0.086906,
    0.090477,
    0.444803,
    4.687453,
    4.690452,
    4.691971,
    5.22374,
    5.225244
   ],
   "best sol cost values": [
    9062.0,
    9058.0,
    9042.0,
    9022.0,
    9014.0,
    9001.0,
    8996.0,
    8986.0,
    8984.0,
    8970.0,
    8966.0,
    8965.0,
    8960.0,
    8954.0,
    8953.0,
    8944.0,
    8929.0,
    8927.0,
    8922.0,
    8914.0,
    8913.0,
    8912.0,
    8911.0,
    8910.0,
    8904.0,
    8896.0,
    8882.0,
    8881.0,
    8877.0,
    8873.0,
    8870.0,
    8861.0,
    8857.0,
    8854.0,
    8851.0,
    8850.0,
    8845.0,
    8843.0,
    8841.0,
    8838.0,
    8836.0,
    8835.0,
    8833.0,
    8830.0,
    8829.0,
    8827.0,
    8826.0,
    8823.0
   ],
   "execution time": 8.6164181,
   "final cost": 8823.0,
   "final error": -1.0,
   "finished_at": "2024-09-26T03:37:52.976732400",
   "initial sol cost": 9079.0,
   "initial solutions build time": 0.0103444,
   "local source solutions updates": 109,
   "pher_deposition_time": 0.11299848556518555,
   "sol cost mean recorded every ith iter": 20,
   "sol cost mean values": [
    9078.5,
    8951.5,
    8878.4,
    8838.9,
    8835.2,
    8835.0,
    8835.0,
    8835.0,
    8835.0,
    8835.0,
    8835.0,
    8835.0,
    8835.0,
    8834.8,
    8833.2,
    8833.0,
    8833.0,
    8833.0,
    8833.0,
    8833.0,
    8833.0,
    8833.0,
    8833.0,
    8833.0,
    8833.0,
    8833.0,
    8833.0,
    8833.0,
    8833.0,
    8833.0,
    8833.0,
    8833.0,
    8833.0,
    8833.0,
    8833.0,
    8833.0,
    8833.0,
    8833.0,
    8833.0,
    8833.0,
    8833.0,
    8833.0,
    8833.0,
    8833.0,
    8833.0,
    8833.0,
    8833.0,
    8833.0,
    8833.0,
    8833.0,
    8833.0,
    8833.0,
    8833.0,
    8833.0,
    8833.0,
    8833.0,
    8833.0,
    8833.0,
    8833.0,
    8833.0,
    8833.0,
    8833.0,
    8833.0,
    8833.0,
    8833.0,
    8833.0,
    8833.0,
    8833.0,
    8833.0,
    8833.0,
    8833.0,
    8833.0,
    8833.0,
    8833.0,
    8833.0,
    8833.0,
    8833.0,
    8833.0,
    8833.0,
    8833.0,
    8833.0,
    8833.0,
    8833.0,
    8833.0,
    8833.0,
    8833.0,
    8833.0,
    8833.0,
    8833.0,
    8833.0,
    8833.0,
    8833.0,
    8833.0,
    8833.0,
    8833.0,
    8833.0,
    8833.0,
    8833.0,
    8833.0,
    8833.0,
    8833.0,
    8833.0,
    8833.0,
    8833.0,
    8833.0,
    8833.0,
    8833.0,
    8833.0,
    8833.0,
    8833.0,
    8833.0,
    8833.0,
    8833.0,
    8833.0,
    8833.0,
    8833.0,
    8833.0,
    8833.0,
    8833.0,
    8833.0,
    8833.0,
    8833.0,
    8833.0,
    8833.0,
    8833.0,
    8833.0,
    8833.0,
    8833.0,
    8833.0,
    8833.0,
    8833.0,
    8833.0,
    8833.0,
    8833.0,
    8833.0,
    8833.0,
    8828.8,
    8827.1,
    8827.0,
    8827.0,
    8827.0,
    8827.0,
    8827.0,
    8827.0,
    8827.0,
    8827.0,
    8827.0,
    8827.0,
    8827.0,
    8827.0,
    8827.0,
    8827.0,
    8823.5,
    8823.1,
    8823.0,
    8823.0,
    8823.0,
    8823.0,
    8823.0,
    8823.0,
    8823.0,
    8823.0,
    8823.0,
    8823.0,
    8823.0,
    8823.0,
    8823.0,
    8823.0,
    8823.0,
    8823.0,
    8823.0,
    8823.0,
    8823.0,
    8823.0,
    8823.0,
    8823.0,
    8823.0,
    8823.0,
    8823.0,
    8823.0,
    8823.0,
    8823.0,
    8823.0,
    8823.0,
    8823.0,
    8823.0,
    8823.0,
    8823.0,
    8823.0,
    8823.0,
    8823.0,
    8823.0,
    8823.0,
    8823.0,
    8823.0,
    8823.0,
    8823.0,
    8823.0,
    8823.0,
    8823.0,
    8823.0,
    8823.0,
    8823.0,
    8823.0,
    8823.0,
    8823.0,
    8823.0,
    8823.0,
    8823.0,
    8823.0,
    8823.0,
    8823.0,
    8823.0,
    8823.0,
    8823.0,
    8823.0,
    8823.0,
    8823.0,
    8823.0,
    8823.0,
    8823.0,
    8823.0,
    8823.0,
    8823.0,
    8823.0,
    8823.0,
    8823.0,
    8823.0,
    8823.0,
    8823.0,
    8823.0,
    8823.0,
    8823.0,
    8823.0,
    8823.0,
    8823.0,
    8823.0,
    8823.0,
    8823.0,
    8823.0,
    8823.0,
    8823.0,
    8823.0,
    8823.0,
    8823.0,
    8823.0,
    8823.0,
    8823.0,
    8823.0,
    8823.0
   ],
   "sol cost stdev recorded every ith iter": 20,