{
 "args": {
  "alg": "mfaco",
  "ants": 64,
  "backup list size": 64,
  "beta": 1.0,
  "cand list size": 16,
  "count new edges": 0,
  "gbest as source prob": 0.01,
  "id": "default",
  "iterations": 5000,
  "keep better ant sol": 1,
  "local search": 1,
  "ls cand list size": 20,
  "min new edges": 8,
  "p best": 0.1,
  "picture": true,
  "problem": "kroA100.tsp",
  "repeat": 1,
  "results dir": "results",
  "rho": 0.5,
  "seed": 253604019,
  "source sol local update": 1,
  "threads": 0
 },
 "executions": [
  {
   "ants solutions updates": 1604,
   "best sol cost iterations": [
    0,
    1,
    2,
    3,
    4,
    5,
    6,
    7,
    8,
    9,
    10,
    11,
    12,
    13,
    14,
    15,
    17,
    18,
    22,
    24,
    27,
    30,
    35,
    39,
    42,
    43,
    50,
    51,
    57,
    87,
    91,
    111,
    127,
    128,
    133,
    143,
    179,
    202,
    203,
    370,
    484,
    2924
   ],
   "best sol cost times": [
    0.000381,
    0.000958,
    0.001569,
    0.002226,
    0.003024,
    0.003951,
    0.004913,
    0.006089,
    0.007116,
    0.008259,
    0.009328,
    0.010255,
    0.01158,
    0.012606,
    0.013631,
    0.014795,
    0.017217,
    0.018387,
    0.022766,
    0.024885,
    0.028252,
    0.031504,
    0.037438,
    0.042251,
    0.046002,
    0.047144,
    0.056336,
    0.057676,
    0.06559,
    0.104399,
    0.109397,
    0.13364,
    0.152036,
    0.153213,
    0.159068,
    0.171194,
    0.215474,
    0.243182,
    0.244459,
    0.443526,
    0.587859,
    3.616309
   ],
   "best sol cost values": [
    9087.0,
    9083.0,
    9077.0,
    9055.0,
    9053.0,
    9038.0,
    9027.0,
    9011.0,
    9007.0,
    8974.0,
    8968.0,
    8960.0,
    8951.0,
    8949.0,
    8937.0,
    8923.0,
    8918.0,
    8915.0,
    8904.0,
    8902.0,
    8897.0,
    8892.0,
    8891.0,
    8888.0,
    8887.0,
    8886.0,
    8883.0,
    8878.0,
    8876.0,
    8875.0,
    8870.0,
    8869.0,
    8868.0,
    8859.0,
    8858.0,
    8857.0,
    8855.0,
    8854.0,
    8850.0,
    8848.0,
    8845.0,
    8844.0
   ],
   "execution time": 6.0128063,
   "final cost": 8844.0,
   "final error": 0.43152396093572565,
   "finished_at": "2024-09-26T04:34:26.745995100",
   "initial sol cost": 9111.0,
   "initial solutions build time": 0.0100467,
   "local source solutions updates": 69,
   "pher_deposition_time": 0.09799861907958984,
   "sol cost mean recorded every ith iter": 20,
   "sol cost mean values": [
    9109.6,
    8926.2,
    8894.0,
    8880.3,
    8876.2,
    8872.0,
    8869.5,
    8860.5,
    8857.2,
    8856.8,
    8855.3,
    8850.8,
    8850.1,
    8850.0,
    8850.0,
    8850.0,
    8850.0,
    8850.0,
    8850.0,
    8848.7,
    8848.0,
    8848.0,
    8848.0,
    8848.0,
    8848.0,
    8845.6,
    8845.0,
    8845.0,
    8845.0,
    8845.0,
    8845.0,
    8845.0,
    8845.0,
    8845.0,
    8845.0,
    8845.0,
    8845.0,
    8845.0,
    8845.0,
    8845.0,
    8845.0,
    8845.0,
    8845.0,
    8845.0,
    8845.0,
    8845.0,
    8845.0,
    8845.0,
    8845.0,
    8845.0,
    8845.0,
    8845.0,
    8845.0,
    8845.0,
    8845.0,
    8845.0,
    8845.0,
    8845.0,
    8845.0,
    8845.0,
    8845.0,
    8845.0,
    8845.0,
    8845.0,
    8845.0,
    8845.0,
    8845.0,
    8845.0,
    8845.0,
    8845.0,
    8845.0,
    8845.0,
    8845.0,
    8845.0,
    8845.0,
    8845.0,
    8845.0,
    8845.0,
    8845.0,
    8845.0,
    8845.0,
    8845.0,
    8845.0,
    8845.0,
    8845.0,
    8845.0,
    8845.0,
    8845.0,
    8845.0,
    8845.0,
    8845.0,
    8845.0,
    8845.0,
    8845.0,
    8845.0,
    8845.0,
    8845.0,
    8845.0,
    8845.0,
    8845.0,
    8845.0,
    8845.0,
    8845.0,
    8845.0,
    8845.0,
    8845.0,
    8845.0,
    8845.0,
    8845.0,
    8845.0,
    8845.0,
    8845.0,
    8845.0,
    8845.0,
    8845.0,
    8845.0,
    8845.0,
    8845.0,
    8845.0,
    8845.0,
    8845.0,
    8845.0,
    8845.0,
    8845.0,
    8845.0,
    8845.0,
    8845.0,
    8845.0,
    8845.0,
    8845.0,
    8845.0,
    8845.0,
    8845.0,
    8845.0,
    8845.0,
    8845.0,
    8845.0,
    8845.0,
    8845.0,
    8845.0,
    8845.0,
    8845.0,
    8845.0,
    8845.0,
    8845.0,
    8845.0,
    8845.0,
    8844.2,
    8844.0,
    8844.0,
    8844.0,
    8844.0,
    8844.0,
    8844.0,
    8844.0,
    8844.0,
    8844.0,
    8844.0,
    8844.0,
    8844.0,
    8844.0,
    8844.0,
    8844.0,
    8844.0,
    8844.0,
    8844.0,
    8844.0,
    8844.0,
    8844.0,
    8844.0,
    8844.0,
    8844.0,
    8844.0,
    8844.0,
    8844.0,
    8844.0,
    8844.0,
    8844.0,
    8844.0,
    8844.0,
    8844.0,
    8844.0,
    8844.0,
    8844.0,
    8844.0,
    8844.0,
    8844.0,
    8844.0,
    8844.0,
    8844.0,
    8844.0,
    8844.0,
    8844.0,
    8844.0,
    8844.0,
    8844.0,
    8844.0,
    8844.0,
    8844.0,
    8844.0,
    8844.0,
    8844.0,
    8844.0,
    8844.0,
    8844.0,
    8844.0,
    8844.0,
    8844.0,
    8844.0,
    8844.0,
    8844.0,
    8844.0,
    8844.0,
    8844.0,
    8844.0,
    8844.0,
    8844.0,
    8844.0,
    8844.0,
    8844.0,
    8844.0,
    8844.0,
    8844.0,
    8844.0,
    8844.0,
    8844.0,
    8844.0,
    8844.0,
    8844.0,
    8844.0,
    8844.0,
    8844.0,
    8844.0,
    8844.0,
    8844.0,
    8844.0,
    8844.0,
    8844.0,
    8844.0,
    8844.0,
    8844.0,
    8844.0,
    8844.0,
    8844.0,
    8844.0,
    8844.0,
    8844.0,
    8844.0,
    8844.0,
    8844.0
   ],
   "sol cost stdev recorded every ith iter": 20,
   "sol cost stdev values": [
    4.4,
    11.5,
    5.1,
    4.7,
    0.8,
    2.6,
    1.0,
    3.8,
    0.4,
    0.6,
    0.8,
    1.7,
    0.7,
    0.0,
    0.0,
    0.0,
    0.0,
    0.0,
    0.0,
    1.0,
    0.3,
    0.0,
    0.0,
    0.0,
    0.0,
    1.2,
    0.3,
    0.0,
    0.0,
    0.0,
    0.0,
    0.0,
    0.0,
    0.0,
    0.0,
    0.0,
    0.0,
    0.0,
    0.0,
    0.0,
    0.0,
    0.0,
    0.0,
    0.0,
    0.0,
    0.0,
    0.0,
    0.0,
    0.0,
    0.0,
    0.0,
    0.0,
    0.0,
    0.0,
    0.0,
    0.0,
    0.0,
    0.0,
    0.0,
    0.0,
    0.0,
    0.0,
    0.0,
    0.0,
    0.0,
    0.0,
    0.0,
    0.0,
    0.0,
    0.0,
    0.0,
    0.0,
    0.0,
    0.0,
    0.0,
    0.0,
    0.0,
    0.0,
    0.0,
    0.0,
    0.0,
    0.0,
    0.0,
    0.0,
    0.0,
    0.0,
    0.0,
    0.0,
    0.0,
    0.0,
    0.0,
    0.0,
    0.0,
    0.0,
    0.0,
    0.0,
    0.0,
    0.0,
    0.0,
    0.0,
    0.0,
    0.0,
    0.0,
    0.0,
    0.0,
    0.0,
    0.0,
    0.0,
    0.0,
    0.0,
    0.0,
    0.0,
    0.0,
    0.0,
    0.0,
    0.0,
    0.0,
    0.0,
    0.0,
    0.0,
    0.0,
    0.0,
    0.0,
    0.0,
    0.0,
    0.0,
    0.0,
    0.0,
    0.0,
    0.0,
    0.0,
    0.0,
    0.0,
    0.0,
    0.0,
    0.0,
    0.0,
    0.0,
    0.0,
    0.0,
    0.0,
    0.0,
    0.0,
    0.0,
    0.0,
    0.0,
    0.0,
    0.4,
    0.0,
    0.0,
    0.0,
    0.0,
    0.0,
    0.0,
    0.0,
    0.0,
    0.0,
    0.0,
    0.0,
    0.0,
    0.0,
    0.0,
    0.0,
    0.0,
    0.0,
    0.0,
    0.0,
    0.0,
    0.0,
    0.0,
    0.0,
    0.0,
    0.0,
    0.0,
    0.0,
    0.0,
    0.0,
    0.0,
    0.0,
    0.0,
    0.0,
    0.0,
    0.0,
    0.0,
    0.0,
    0.0,
    0.0,
    0.0,
    0.0,
    0.0,
    0.0,
    0.0,
    0.0,
    0.0,
    0.0,
    0.0,
    0.0,
    0.0,
    0.0,
    0.0,
    0.0,
    0.0,
    0.0,
    0.0,
    0.0,
    0.0,
    0.0,
    0.0,
    0.0,
    0.0,
    0.0,
    0.0,
    0.0,
    0.0,
    0.0,
    0.0,
    0.0,
    0.0,
    0.0,
    0.0,
    0.0,
    0.0,
    0.0,
    0.0,
    0.0,
    0.0,
    0.0,
    0.0,
    0.0,
    0.0,
    0.0,
    0.0,
    0.0,
    0.0,
    0.0,
    0.0,
    0.0,
    0.0,
    0.0,
    0.0,
    0.0,
    0.0,
    0.0,
    0.0,
    0.0,
    0.0,
    0.0,
    0.0,
    0.0,
    0.0
   ],
   "started_at": "2024-09-26T04:34:20.733173900",
   "total new edges": 0
  }
 ],
 "nn and backup lists calc time": 0.020285,
 "trial max cost": 8844,