{
 "args": {
  "alg": "mfaco",
  "ants": 128,
  "backup list size": 64,
  "beta": 1.0,
  "cand list size": 16,
  "count new edges": 0,
  "gbest as source prob": 0.01,
  "id": "default",
  "iterations": 5000,
  "keep better ant sol": 1,
  "local search": 1,
  "ls cand list size": 20,
  "min new edges": 8,
  "p best": 0.1,
  "picture": true,
  "problem": ".\\instances\\rat783.tsp",
  "repeat": 1,
  "results dir": "results",
  "rho": 0.5,
  "seed": 2938374037,
  "source sol local update": 1,
  "threads": 0
 },
 "executions": [
  {
   "ants solutions updates": 2723,
   "best sol cost iterations": [
    0,
    1,
    2,
    3,
    4,
    5,
    6,
    7,
    8,
    9,
    10,
    11,
    12,
    13,
    14,
    17,
    18,
    19,
    23,
    24,
    25,
    26,
    27,
    32,
    35,
    36,
    60,
    68,
    69,
    70,
    71,
    82,
    88,
    101,
    103,
    104,
    106,
    294,
    398,
    421,
    502
   ],
   "best sol cost times": [
    0.00073,
    0.002465,
    0.003326,
    0.004351,
    0.005371,
    0.006882,
    0.008241,
    0.009858,
    0.011506,
    0.01294,
    0.014383,
    0.01615,
    0.018038,
    0.019937,
    0.02155,
    0.026787,
    0.028349,
    0.030014,
    0.037261,
    0.039473,
    0.041021,
    0.042566,
    0.044103,
    0.053315,
    0.058543,
    0.060183,
    0.102499,
    0.116371,
    0.11799,
    0.119562,
    0.121218,
    0.140954,
    0.151026,
    0.173052,
    0.176472,
    0.178086,
    0.181407,
    0.510298,
    0.686035,
    0.72489,
    0.864655
   ],
   "best sol cost values": [
    9076.0,
    9068.0,
    9026.0,
    9016.0,
    9014.0,
    9010.0,
    9004.0,
    8994.0,
    8981.0,
    8977.0,
    8963.0,
    8957.0,
    8954.0,
    8935.0,
    8928.0,
    8925.0,
    8922.0,
    8918.0,
    8914.0,
    8912.0,
    8906.0,
    8903.0,
    8901.0,
    8900.0,
    8899.0,
    8894.0,
    8891.0,
    8887.0,
    8883.0,
    8881.0,
    8875.0,
    8872.0,
    8868.0,
    8866.0,
    8865.0,
    8864.0,
    8863.0,
    8859.0,
    8858.0,
    8856.0,
    8853.0
   ],
   "execution time": 8.7108412,
   "final cost": 8853.0,
   "final error": 0.5337270043152396,
   "finished_at": "2024-09-26T03:40:47.803352500",
   "initial sol cost": 9094.0,
   "initial solutions build time": 0.010638,
   "local source solutions updates": 105,
   "pher_deposition_time": 0.09900212287902832,
   "sol cost mean recorded every ith iter": 20,
   "sol cost mean values": [
    9093.5,
    8929.8,
    8899.1,
    8894.4,
    8877.8,
    8869.3,
    8863.8,
    8863.0,
    8863.0,
    8863.0,
    8863.0,
    8863.0,
    8863.0,
    8863.0,
    8863.0,
    8860.9,
    8859.2,
    8859.0,
    8859.0,
    8859.0,
    8858.8,
    8858.1,
    8856.2,
    8856.1,
    8856.0,
    8856.0,
    8853.4,
    8853.0,
    8853.0,
    8853.0,
    8853.0,
    8853.0,
    8853.0,
    8853.0,
    8853.0,
    8853.0,
    8853.0,
    8853.0,
    8853.0,
    8853.0,
    8853.0,
    8853.0,
    8853.0,
    8853.0,
    8853.0,
    8853.0,
    8853.0,
    8853.0,
    8853.0,
    8853.0,
    8853.0,
    8853.0,
    8853.0,
    8853.0,
    8853.0,
    8853.0,
    8853.0,
    8853.0,
    8853.0,
    8853.0,
    8853.0,
    8853.0,
    8853.0,
    8853.0,
    8853.0,
    8853.0,
    8853.0,
    8853.0,
    8853.0,
    8853.0,
    8853.0,
    8853.0,
    8853.0,
    8853.0,
    8853.0,
    8853.0,
    8853.0,
    8853.0,
    8853.0,
    8853.0,
    8853.0,
    8853.0,
    8853.0,
    8853.0,
    8853.0,
    8853.0,
    8853.0,
    8853.0,
    8853.0,
    8853.0,
    8853.0,
    8853.0,
    8853.0,
    8853.0,
    8853.0,
    8853.0,
    8853.0,
    8853.0,
    8853.0,
    8853.0,
    8853.0,
    8853.0,
    8853.0,
    8853.0,
    8853.0,
    8853.0,
    8853.0,
    8853.0,
    8853.0,
    8853.0,
    8853.0,
    8853.0,
    8853.0,
    8853.0,
    8853.0,
    8853.0,
    8853.0,
    8853.0,
    8853.0,
    8853.0,
    8853.0,
    8853.0,
    8853.0,
    8853.0,
    8853.0,
    8853.0,
    8853.0,
    8853.0,
    8853.0,
    8853.0,
    8853.0,
    8853.0,
    8853.0,
    8853.0,
    8853.0,
    8853.0,
    8853.0,
    8853.0,
    8853.0,
    8853.0,
    8853.0,
    8853.0,
    8853.0,
    8853.0,
    8853.0,
    8853.0,
    8853.0,
    8853.0,
    8853.0,
    8853.0,
    8853.0,
    8853.0,
    8853.0,
    8853.0,
    8853.0,
    8853.0,
    8853.0,
    8853.0,
    8853.0,
    8853.0,
    8853.0,
    8853.0,
    8853.0,
    8853.0,
    8853.0,
    8853.0,
    8853.0,
    8853.0,
    8853.0,
    8853.0,
    8853.0,
    8853.0,
    8853.0,
    8853.0,
    8853.0,
    8853.0,
    8853.0,
    8853.0,
    8853.0,
    8853.0,
    8853.0,
    8853.0,
    8853.0,
    8853.0,
    8853.0,
    8853.0,
    8853.0,
    8853.0,
    8853.0,
    8853.0,
    8853.0,
    8853.0,
    8853.0,
    8853.0,
    8853.0,
    8853.0,
    8853.0,
    8853.0,
    8853.0,
    8853.0,
    8853.0,
    8853.0,
    8853.0,
    8853.0,
    8853.0,
    8853.0,
    8853.0,
    8853.0,
    8853.0,
    8853.0,
    8853.0,
    8853.0,
    8853.0,
    8853.0,
    8853.0,
    8853.0,
    8853.0,
    8853.0,
    8853.0,
    8853.0,
    8853.0,
    8853.0,
    8853.0,
    8853.0,
    8853.0,
    8853.0,
    8853.0,
    8853.0,
    8853.0,
    8853.0,
    8853.0,
    8853.0,
    8853.0,
    8853.0,
    8853.0,
    8853.0,
    8853.0,
    8853.0,
    8853.0,
    8853.0,
    8853.0,
    8853.0,
    8853.0,
    8853.0,
    8853.0,
    8853.0,
    8853.0,
    8853.0,
    8853.0,
    8853.0
   ],
   "sol cost stdev recorded every ith iter": 20,
   "sol cost stdev values": [
    2.7,
    9.5,
    4.8,
    1.5,
    5.2,
    2.3,
    1.7,
    0.3,
    0.3,
    0.0,
    0.0,
    0.0,
    0.0,
    0.0,
    0.0,
    2.0,
    0.8,
    0.1,
    0.0,
    0.0,
    0.4,
    0.3,
    0.7,
    0.4,
    0.2,
    0.2,
    0.9,
    0.3,
    0.0,
    0.0,
    0.0,
    0.0,
    0.0,
    0.0,
    0.0,
    0.0,
    0.0,
    0.0,
    0.0,
    0.0,
    0.0,
    0.0,
    0.0,
    0.0,
    0.0,
    0.0,
    0.0,
    0.0,
    0.0,
    0.0,
    0.0,
    0.0,
    0.0,
    0.0,
    0.0,
    0.0,
    0.0,
    0.0,
    0.0,
    0.0,
    0.0,
    0.0,
    0.0,
    0.0,
    0.0,
    0.0,
    0.0,
    0.0,
    0.0,
    0.0,
    0.0,
    0.0,
    0.0,
    0.0,
    0.0,
    0.0,
    0.0,
    0.0,
    0.0,
    0.0,
    0.0,
    0.0,
    0.0,
    0.0,
    0.0,
    0.0,
    0.0,
    0.0,
    0.0,
    0.0,
    0.0,
    0.0,
    0.0,
    0.0,
    0.0,
    0.0,
    0.0,
    0.0,
    0.0,
    0.0,
    0.0,
    0.0,
    0.0,
    0.0,
    0.0,
    0.0,
    0.0,
    0.0,
    0.0,
    0.0,
    0.0,
    0.0,
    0.0,
    0.0,
    0.0,
    0.0,
    0.0,
    0.0,
    0.0,
    0.0,
    0.0,
    0.0,
    0.0,
    0.0,
    0.0,
    0.0,
    0.0,
    0.0,
    0.0,
    0.0,
    0.0,
    0.0,
    0.0,
    0.0,
    0.0,
    0.0,
    0.0,
    0.0,
    0.0,
    0.0,
    0.0,
    0.0,
    0.0,
    0.0,
    0.0,
    0.0,
    0.0,
    0.0,
    0.0,
    0.0,
    0.0,
    0.0,
    0.0,
    0.0,
    0.0,
    0.0,
    0.0,
    0.0,
    0.0,
    0.0,
    0.0,
    0.0,
    0.0,
    0.0,
    0.0,
    0.0,
    0.0,
    0.0,
    0.0,
    0.0,
    0.0,
    0.0,
    0.0,
    0.0,
    0.0,
    0.0,
    0.0,
    0.0,
    0.0,
    0.0,
    0.0,
    0.0,
    0.0,
    0.0,
    0.0,
    0.0,
    0.0,
    0.0,
    0.0,
    0.0,
    0.0,
    0.0,
    0.0,
    0.0,
    0.0,
    0.0,
    0.0,
    0.0,
    0.0,
    0.0,
    0.0,
    0.0,
    0.0,
    0.0,
    0.0,
    0.0,
    0.0,
    0.0,
    0.0,
    0.0,
    0.0,
    0.0,
    0.0,
    0.0,
    0.0,
    0.0,
    0.0,
    0.0,
    0.0,
    0.0,
    0.0,
    0.0,
    0.0,
    0.0,
    0.0,
    0.0,
    0.0,
    0.0,
    0.0,
    0.0,
    0.0,
    0.0,
    0.0,
    0.0,
    0.0,
    0.0,
    0.0,
    0.0,
    0.0,
    0.0,
    0.0,
    0.0,
    0.0,
    0.0,
    0.0,
    0.0,
    0.0,
    0.0,
    0.0,
    0.0
   ],
   "started_at": "2024-09-26T03:40:39.092062500",
   "total new edges": 0
  }
 ],
 "nn and backup lists calc time": 0.0209685,
 "trial max cost": 8853,
 "trial max error": 0.5337270043152396,