{
 "args": {
  "alg": "mfaco",
  "ants": 64,
  "backup list size": 64,
  "beta": 1.0,
  "cand list size": 16,
  "count new edges": 0,
  "gbest as source prob": 0.01,
  "id": "default",
  "iterations": 5000,
  "keep better ant sol": 1,
  "local search": 1,
  "ls cand list size": 20,
  "min new edges": 8,
  "p best": 0.1,
  "picture": true,
  "problem": "kroA100.tsp",
  "repeat": 1,
  "results dir": "results",
  "rho": 0.5,
  "seed": 253604019,
  "source sol local update": 1,
  "threads": 0
 },
 "executions": [
  {
   "ants solutions updates": 516,
   "best sol cost iterations": [
    0,
    1,
    2,
    6,
    7,
    8,
    16,
    28,
    37,
    39
   ],
   "best sol cost times": [
    0.0004,
    0.001635,
    0.002304,
    0.005381,
    0.0067,
    0.007753,
    0.015366,
    0.027085,
    0.035543,
    0.037503
   ],
   "best sol cost values": [
    2638.0,
    2634.0,
    2633.0,
    2620.0,
    2614.0,
    2611.0,
    2606.0,
    2603.0,
    2602.0,
    2600.0
   ],
   "execution time": 4.786765600000001,
   "final cost": 2600.0,
   "final error": 0.81426909654905,
   "finished_at": "2024-09-26T04:34:10.172237500",
   "initial sol cost": 2653.0,
   "initial solutions build time": 0.0031546,
   "local source solutions updates": 21,
   "pher_deposition_time": 0.029999494552612305,
   "sol cost mean recorded every ith iter": 20,
   "sol cost mean values": [
    2652.3,
    2607.6,
    2602.2,
    2600.0,
    2600.0,
    2600.0,
    2600.0,
    2600.0,
    2600.0,
    2600.0,
    2600.0,
    2600.0,
    2600.0,
    2600.0,
    2600.0,
    2600.0,
    2600.0,
    2600.0,
    2600.0,
    2600.0,
    2600.0,
    2600.0,
    2600.0,
    2600.0,
    2600.0,
    2600.0,
    2600.0,
    2600.0,
    2600.0,
    2600.0,
    2600.0,
    2600.0,
    2600.0,
    2600.0,
    2600.0,
    2600.0,
    2600.0,
    2600.0,
    2600.0,
    2600.0,
    2600.0,
    2600.0,
    2600.0,
    2600.0,
    2600.0,
    2600.0,
    2600.0,
    2600.0,
    2600.0,
    2600.0,
    2600.0,
    2600.0,
    2600.0,
    2600.0,
    2600.0,
    2600.0,
    2600.0,
    2600.0,
    2600.0,
    2600.0,
    2600.0,
    2600.0,
    2600.0,
    2600.0,
    2600.0,
    2600.0,
    2600.0,
    2600.0,
    2600.0,
    2600.0,
    2600.0,
    2600.0,
    2600.0,
    2600.0,
    2600.0,
    2600.0,
    2600.0,
    2600.0,
    2600.0,
    2600.0,
    2600.0,
    2600.0,
    2600.0,
    2600.0,
    2600.0,
    2600.0,
    2600.0,
    2600.0,
    2600.0,
    2600.0,
    2600.0,
    2600.0,
    2600.0,
    2600.0,
    2600.0,
    2600.0,
    2600.0,
    2600.0,
    2600.0,
    2600.0,
    2600.0,
    2600.0,
    2600.0,
    2600.0,
    2600.0,
    2600.0,
    2600.0,
    2600.0,
    2600.0,
    2600.0,
    2600.0,
    2600.0,
    2600.0,
    2600.0,
    2600.0,
    2600.0,
    2600.0,
    2600.0,
    2600.0,
    2600.0,
    2600.0,
    2600.0,
    2600.0,
    2600.0,
    2600.0,
    2600.0,
    2600.0,
    2600.0,
    2600.0,
    2600.0,
    2600.0,
    2600.0,
    2600.0,
    2600.0,
    2600.0,
    2600.0,
    2600.0,
    2600.0,
    2600.0,
    2600.0,
    2600.0,
    2600.0,
    2600.0,
    2600.0,
    2600.0,
    2600.0,
    2600.0,
    2600.0,
    2600.0,
    2600.0,
    2600.0,
    2600.0,
    2600.0,
    2600.0,
    2600.0,
    2600.0,
    2600.0,
    2600.0,
    2600.0,
    2600.0,
    2600.0,
    2600.0,
    2600.0,
    2600.0,
    2600.0,
    2600.0,
    2600.0,
    2600.0,
    2600.0,
    2600.0,
    2600.0,
    2600.0,
    2600.0,
    2600.0,
    2600.0,
    2600.0,
    2600.0,
    2600.0,
    2600.0,
    2600.0,
    2600.0,
    2600.0,
    2600.0,
    2600.0,
    2600.0,
    2600.0,
    2600.0,
    2600.0,
    2600.0,
    2600.0,
    2600.0,
    2600.0,
    2600.0,
    2600.0,
    2600.0,
    2600.0,
    2600.0,
    2600.0,
    2600.0,
    2600.0,
    2600.0,
    2600.0,
    2600.0,
    2600.0,
    2600.0,
    2600.0,
    2600.0,
    2600.0,
    2600.0,
    2600.0,
    2600.0,
    2600.0,
    2600.0,
    2600.0,
    2600.0,
    2600.0,
    2600.0,
    2600.0,
    2600.0,
    2600.0,
    2600.0,
    2600.0,
    2600.0,
    2600.0,
    2600.0,
    2600.0,
    2600.0,
    2600.0,
    2600.0,
    2600.0,
    2600.0,
    2600.0,
    2600.0,
    2600.0,
    2600.0,
    2600.0,
    2600.0,
    2600.0,
    2600.0,
    2600.0,
    2600.0,
    2600.0,
    2600.0,
    2600.0,
    2600.0,
    2600.0,
    2600.0,
    2600.0,
    2600.0,
    2600.0
   ],
   "sol cost stdev recorded every ith iter": 20,
   "sol cost stdev values": [
    2.6,
    2.4,
    1.5,
    0.0,
    0.0,
    0.0,
    0.0,
    0.0,
    0.0,
    0.0,
    0.0,
    0.0,
    0.0,
    0.0,
    0.0,
    0.0,
    0.0,
    0.0,
    0.0,
    0.0,
    0.0,
    0.0,
    0.0,
    0.0,
    0.0,
    0.0,
    0.0,
    0.0,
    0.0,
    0.0,
    0.0,
    0.0,
    0.0,
    0.0,
    0.0,
    0.0,
    0.0,
    0.0,
    0.0,
    0.0,
    0.0,
    0.0,
    0.0,
    0.0,
    0.0,
    0.0,
    0.0,
    0.0,
    0.0,
    0.0,
    0.0,
    0.0,
    0.0,
    0.0,
    0.0,
    0.0,
    0.0,
    0.0,
    0.0,
    0.0,
    0.0,
    0.0,
    0.0,
    0.0,
    0.0,
    0.0,
    0.0,
    0.0,
    0.0,
    0.0,
    0.0,
    0.0,
    0.0,
    0.0,
    0.0,
    0.0,
    0.0,
    0.0,
    0.0,
    0.0,
    0.0,
    0.0,
    0.0,
    0.0,
    0.0,
    0.0,
    0.0,
    0.0,
    0.0,
    0.0,
    0.0,
    0.0,
    0.0,
    0.0,
    0.0,
    0.0,
    0.0,
    0.0,
    0.0,
    0.0,
    0.0,
    0.0,
    0.0,
    0.0,
    0.0,
    0.0,
    0.0,
    0.0,
    0.0,
    0.0,
    0.0,
    0.0,
    0.0,
    0.0,
    0.0,
    0.0,
    0.0,
    0.0,
    0.0,
    0.0,
    0.0,
    0.0,
    0.0,
    0.0,
    0.0,
    0.0,
    0.0,
    0.0,
    0.0,
    0.0,
    0.0,
    0.0,
    0.0,
    0.0,
    0.0,
    0.0,
    0.0,
    0.0,
    0.0,
    0.0,
    0.0,
    0.0,
    0.0,
    0.0,
    0.0,
    0.0,
    0.0,
    0.0,
    0.0,
    0.0,
    0.0,
    0.0,
    0.0,
    0.0,
    0.0,
    0.0,
    0.0,
    0.0,
    0.0,
    0.0,
    0.0,
    0.0,
    0.0,
    0.0,
    0.0,
    0.0,
    0.0,
    0.0,
    0.0,
    0.0,
    0.0,
    0.0,
    0.0,
    0.0,
    0.0,
    0.0,
    0.0,
    0.0,
    0.0,
    0.0,
    0.0,
    0.0,
    0.0,
    0.0,
    0.0,
    0.0,
    0.0,
    0.0,
    0.0,
    0.0,
    0.0,
    0.0,
    0.0,
    0.0,
    0.0,
    0.0,
    0.0,
    0.0,
    0.0,
    0.0,
    0.0,
    0.0,
    0.0,
    0.0,
    0.0,
    0.0,
    0.0,
    0.0,
    0.0,
    0.0,
    0.0,
    0.0,
    0.0,
    0.0,
    0.0,
    0.0,
    0.0,
    0.0,
    0.0,
    0.0,
    0.0,
    0.0,
    0.0,
    0.0,
    0.0,
    0.0,
    0.0,
    0.0,
    0.0,
    0.0,
    0.0,
    0.0,
    0.0,
    0.0,
    0.0,
    0.0,
    0.0,
    0.0,
    0.0,
    0.0,
    0.0,
    0.0,
    0.0,
    0.0,
    0.0,
    0.0,
    0.0,
    0.0,
    0.0,
    0.0
   ],
   "started_at": "2024-09-26T04:34:05.385424700",
   "total new edges": 0
  }
 ],
 "nn and backup lists calc time": 0.0070686,
 "trial max cost": 2600,
 "trial max error": 0.81426909654905,
 "trial mean cost": 2600.0,
 "trial mean error": 0.81426909654905,
 "trial min cost": 2600,
 "trial min error": 0.81426909654905,
 "trial stdev cost": 0.0,
 "trial time": 4.7892220000000005
}