{
 "args": {
  "alg": "mfaco",
  "ants": 128,
  "backup list size": 64,
  "beta": 1.0,
  "cand list size": 16,
  "count new edges": 0,
  "gbest as source prob": 0.01,
  "id": "default",
  "iterations": 5000,
  "keep better ant sol": 1,
  "local search": 1,
  "ls cand list size": 20,
  "min new edges": 8,
  "p best": 0.1,
  "picture": true,
  "problem": ".\\instances\\rat783.tsp",
  "repeat": 1,
  "results dir": "results",
  "rho": 0.5,
  "seed": 4173217163,
  "source sol local update": 1,
  "threads": 0
 },
 "executions": [
  {
   "ants solutions updates": 3724,
   "best sol cost iterations": [
    0,
    1,
    2,
    4,
    5,
    6,
    7,
    8,
    9,
    10,
    11,
    12,
    15,
    17,
    19,
    21,
    24,
    25,
    27,
    29,
    30,
    31,
    33,
    34,
    35,
    41,
    42,
    52,
    53,
    54,
    73,
    81,
    91,
    148,
    155,
    170,
    173,
    176,
    183,
    213,
    214,
    279,
    283,
    285,
    364,
    366,
    369,
    622,
    964,
    966,
    967,
    978,
    983,
    4609
   ],
   "best sol cost times": [
    0.000709,
    0.002101,
    0.00295,
    0.004893,
    0.006024,
    0.007367,
    0.009027,
    0.010517,
    0.0123,
    0.013945,
    0.01547,
    0.017005,
    0.021794,
    0.025265,
    0.028664,
    0.031883,
    0.037149,
    0.038848,
    0.042125,
    0.045255,
    0.046878,
    0.048375,
    0.051911,
    0.053564,
    0.055045,
    0.06491,
    0.066462,
    0.084509,
    0.086313,
    0.08782,
    0.118777,
    0.131617,
    0.148305,
    0.241073,
    0.252139,
    0.276275,
    0.280775,
    0.285629,
    0.296832,
    0.34475,
    0.346535,
    0.452699,
    0.458936,
    0.4622,
    0.593735,
    0.596752,
    0.601334,
    1.00895,
    1.562785,
    1.565642,
    1.567044,
    1.584795,
    1.592124,
    7.521539
   ],
   "best sol cost values": [
    9027.0,
    9017.0,
    9006.0,
    8996.0,
    8994.0,
    8984.0,
    8983.0,
    8975.0,
    8966.0,
    8959.0,
    8950.0,
    8945.0,
    8936.0,
    8935.0,
    8934.0,
    8930.0,
    8921.0,
    8920.0,
    8918.0,
    8914.0,
    8908.0,
    8907.0,
    8905.0,
    8901.0,
    8897.0,
    8894.0,
    8893.0,
    8890.0,
    8889.0,
    8886.0,
    8882.0,
    8877.0,
    8875.0,
    8872.0,
    8870.0,
    8869.0,
    8868.0,
    8866.0,
    8862.0,
    8861.0,
    8860.0,
    8855.0,
    8852.0,
    8851.0,
    8850.0,
    8842.0,
    8840.0,
    8839.0,
    8837.0,
    8829.0,
    8827.0,
    8826.0,
    8824.0,
    8823.0
   ],
   "execution time": 8.155158400000001,
   "final cost": 8823.0,
   "final error": 0.19305019305019305,
   "finished_at": "2024-09-26T03:44:49.767972800",
   "initial sol cost": 9046.0,
   "initial solutions build time": 0.010858900000000001,
   "local source solutions updates": 86,
   "pher_deposition_time": 0.10500192642211914,
   "sol cost mean recorded every ith iter": 20,
   "sol cost mean values": [
    9045.6,
    8943.8,
    8903.1,
    8889.3,
    8884.1,
    8876.5,
    8875.1,
    8875.0,
    8871.7,
    8867.8,
    8862.6,
    8861.0,
    8860.1,
    8860.0,
    8859.6,
    8851.5,
    8851.0,
    8851.0,
    8851.0,
    8841.7,
    8840.0,
    8840.0,
    8840.0,
    8840.0,
    8840.0,
    8840.0,
    8840.0,
    8840.0,
    8840.0,
    8840.0,
    8840.0,
    8840.0,
    8839.1,
    8839.0,
    8839.0,
    8839.0,
    8839.0,
    8839.0,
    8839.0,
    8839.0,
    8839.0,
    8839.0,
    8839.0,
    8839.0,
    8839.0,
    8839.0,
    8839.0,
    8839.0,
    8839.0,
    8828.0,
    8824.3,
    8824.0,
    8824.0,
    8824.0,
    8824.0,
    8824.0,
    8824.0,
    8824.0,
    8824.0,
    8824.0,
    8824.0,
    8824.0,
    8824.0,
    8824.0,
    8824.0,
    8824.0,
    8824.0,
    8824.0,
    8824.0,
    8824.0,
    8824.0,
    8824.0,
    8824.0,
    8824.0,
    8824.0,
    8824.0,
    8824.0,
    8824.0,
    8824.0,
    8824.0,
    8824.0,
    8824.0,
    8824.0,
    8824.0,
    8824.0,
    8824.0,
    8824.0,
    8824.0,
    8824.0,
    8824.0,
    8824.0,
    8824.0,
    8824.0,
    8824.0,
    8824.0,
    8824.0,
    8824.0,
    8824.0,
    8824.0,
    8824.0,
    8824.0,
    8824.0,
    8824.0,
    8824.0,
    8824.0,
    8824.0,
    8824.0,
    8824.0,
    8824.0,
    8824.0,
    8824.0,
    8824.0,
    8824.0,
    8824.0,
    8824.0,
    8824.0,
    8824.0,
    8824.0,
    8824.0,
    8824.0,
    8824.0,
    8824.0,
    8824.0,
    8824.0,
    8824.0,
    8824.0,
    8824.0,
    8824.0,
    8824.0,
    8824.0,
    8824.0,
    8824.0,
    8824.0,
    8824.0,
    8824.0,
    8824.0,
    8824.0,
    8824.0,
    8824.0,
    8824.0,
    8824.0,
    8824.0,
    8824.0,
    8824.0,
    8824.0,
    8824.0,
    8824.0,
    8824.0,
    8824.0,
    8824.0,
    8824.0,
    8824.0,
    8824.0,
    8824.0,
    8824.0,
    8824.0,
    8824.0,
    8824.0,
    8824.0,
    8824.0,
    8824.0,
    8824.0,
    8824.0,
    8824.0,
    8824.0,
    8824.0,
    8824.0,
    8824.0,
    8824.0,
    8824.0,
    8824.0,
    8824.0,
    8824.0,
    8824.0,
    8824.0,
    8824.0,
    8824.0,
    8824.0,
    8824.0,
    8824.0,
    8824.0,
    8824.0,
    8824.0,
    8824.0,
    8824.0,
    8824.0,
    8824.0,
    8824.0,
    8824.0,
    8824.0,
    8824.0,
    8824.0,
    8824.0,
    8824.0,
    8824.0,
    8824.0,
    8824.0,
    8824.0,
    8824.0,
    8824.0,
    8824.0,
    8824.0,
    8824.0,
    8824.0,
    8824.0,
    8824.0,
    8824.0,
    8824.0,
    8824.0,
    8824.0,
    8824.0,
    8824.0,
    8824.0,
    8824.0,
    8824.0,
    8824.0,
    8824.0,
    8824.0,
    8824.0,
    8824.0,
    8824.0,
    8824.0,
    8824.0,
    8824.0,
    8824.0,
    8824.0,
    8824.0,
    8824.0,
    8824.0,
    8824.0,
    8824.0,
    8823.2,
    8823.0,
    8823.0,
    8823.0,
    8823.0,
    8823.0,
    8823.0,
    8823.0,
    8823.0,
    8823.0,
    8823.0,
    8823.0,
    8823.0,
    8823.0,
    8823.0,
    8823.0,
    8823.0,
    8823.0,
    8823.0
   ],
   "sol cost stdev recorded every ith iter": 20,