{
 "args": {
  "alg": "mfaco",
  "ants": 128,
  "backup list size": 64,
  "beta": 1.0,
  "cand list size": 16,
  "count new edges": 0,
  "gbest as source prob": 0.01,
  "id": "default",
  "iterations": 5000,
  "keep better ant sol": 1,
  "local search": 1,
  "ls cand list size": 20,
  "min new edges": 8,
  "p best": 0.1,
  "picture": true,
  "problem": ".\\instances\\rat783.tsp",
  "repeat": 1,
  "results dir": "results",
  "rho": 0.5,
  "seed": 1453766418,
  "source sol local update": 1,
  "threads": 0
 },
 "executions": [
  {
   "ants solutions updates": 3774,
   "best sol cost iterations": [
    0,
    1,
    2,
    3,
    4,
    5,
    6,
    7,
    8,
    9,
    10,
    11,
    15,
    16,
    17,
    18,
    19,
    20,
    21,
    22,
    23,
    24,
    25,
    27,
    35,
    39,
    40,
    42,
    62,
    65,
    66,
    67,
    69,
    76,
    77,
    80,
    134,
    143,
    146,
    189,
    305,
    311,
    325,
    335,
    534,
    535,
    2399,
    2407,
    2450,
    2455,
    2456,
    3085,
    3121
   ],
   "best sol cost times": [
    0.000632,
    0.002261,
    0.003241,
    0.004306,
    0.005357,
    0.006632,
    0.008028,
    0.009856,
    0.011578,
    0.013053,
    0.014839,
    0.016406,
    0.023607,
    0.025186,
    0.026738,
    0.028385,
    0.030013,
    0.031729,
    0.033308,
    0.034843,
    0.036393,
    0.037872,
    0.039401,
    0.043043,
    0.05696,
    0.063871,
    0.065593,
    0.068804,
    0.103253,
    0.108389,
    0.110329,
    0.111881,
    0.11527,
    0.127972,
    0.129751,
    0.135004,
    0.230923,
    0.246546,
    0.25155,
    0.324835,
    0.521137,
    0.530945,
    0.554349,
    0.570567,
    0.910051,
    0.9116,
    4.045768,
    4.058457,
    4.133654,
    4.142515,
    4.144167,
    5.235166,
    5.296137
   ],
   "best sol cost values": [
    9091.0,
    9069.0,
    9060.0,
    9043.0,
    9014.0,
    9007.0,
    8998.0,
    8983.0,
    8976.0,
    8967.0,
    8962.0,
    8957.0,
    8951.0,
    8941.0,
    8938.0,
    8936.0,
    8934.0,
    8932.0,
    8925.0,
    8924.0,
    8921.0,
    8919.0,
    8917.0,
    8916.0,
    8915.0,
    8914.0,
    8910.0,
    8909.0,
    8905.0,
    8904.0,
    8893.0,
    8889.0,
    8888.0,
    8882.0,
    8871.0,
    8866.0,
    8865.0,
    8864.0,
    8862.0,
    8858.0,
    8857.0,
    8852.0,
    8850.0,
    8849.0,
    8846.0,
    8845.0,
    8844.0,
    8843.0,
    8842.0,
    8840.0,
    8839.0,
    8836.0,
    8834.0
   ],
   "execution time": 8.5419132,
   "final cost": 8834.0,
   "final error": 0.3179650238473768,
   "finished_at": "2024-09-26T04:21:12.553878200",
   "initial sol cost": 9111.0,
   "initial solutions build time": 0.010601900000000001,
   "local source solutions updates": 110,
   "pher_deposition_time": 0.11900186538696289,
   "sol cost mean recorded every ith iter": 20,
   "sol cost mean values": [
    9110.5,
    8947.2,
    8916.5,
    8909.6,
    8882.4,
    8866.9,
    8866.1,
    8865.6,
    8862.7,
    8862.1,
    8859.1,
    8858.2,
    8858.0,
    8858.0,
    8858.0,
    8858.0,
    8853.8,
    8850.1,
    8849.1,
    8849.0,
    8849.0,
    8849.0,
    8849.0,
    8849.0,
    8849.0,
    8849.0,
    8849.0,
    8847.2,
    8845.2,
    8845.0,
    8845.0,
    8845.0,
    8845.0,
    8845.0,
    8845.0,
    8845.0,
    8845.0,
    8845.0,
    8845.0,
    8845.0,
    8845.0,
    8845.0,
    8845.0,
    8845.0,
    8845.0,
    8845.0,
    8845.0,
    8845.0,
    8845.0,
    8845.0,
    8845.0,
    8845.0,
    8845.0,
    8845.0,
    8845.0,
    8845.0,
    8845.0,
    8845.0,
    8845.0,
    8845.0,
    8845.0,
    8845.0,
    8845.0,
    8845.0,
    8845.0,
    8845.0,
    8845.0,
    8845.0,
    8845.0,
    8845.0,
    8845.0,
    8845.0,
    8845.0,
    8845.0,
    8845.0,
    8845.0,
    8845.0,
    8845.0,
    8845.0,
    8845.0,
    8845.0,
    8845.0,
    8845.0,
    8845.0,
    8845.0,
    8845.0,
    8845.0,
    8845.0,
    8845.0,
    8845.0,
    8845.0,
    8845.0,
    8845.0,
    8845.0,
    8845.0,
    8845.0,
    8845.0,
    8845.0,
    8845.0,
    8845.0,
    8845.0,
    8845.0,
    8845.0,
    8845.0,
    8845.0,
    8845.0,
    8845.0,
    8845.0,
    8845.0,
    8845.0,
    8845.0,
    8845.0,
    8845.0,
    8845.0,
    8845.0,
    8845.0,
    8845.0,
    8845.0,
    8845.0,
    8845.0,
    8844.9,
    8843.2,
    8843.0,
    8841.1,
    8839.3,
    8839.0,
    8839.0,
    8839.0,
    8839.0,
    8839.0,
    8839.0,
    8839.0,
    8839.0,
    8839.0,
    8839.0,
    8839.0,
    8839.0,
    8839.0,
    8839.0,
    8839.0,
    8839.0,
    8839.0,
    8839.0,
    8839.0,
    8839.0,
    8839.0,
    8839.0,
    8839.0,
    8839.0,
    8839.0,
    8839.0,
    8839.0,
    8839.0,
    8839.0,
    8839.0,
    8836.5,
    8836.1,
    8834.3,
    8834.0,
    8834.0,
    8834.0,
    8834.0,
    8834.0,
    8834.0,
    8834.0,
    8834.0,
    8834.0,
    8834.0,
    8834.0,
    8834.0,
    8834.0,
    8834.0,
    8834.0,
    8834.0,
    8834.0,
    8834.0,
    8834.0,
    8834.0,
    8834.0,
    8834.0,
    8834.0,
    8834.0,
    8834.0,
    8834.0,
    8834.0,
    8834.0,
    8834.0,
    8834.0,
    8834.0,
    8834.0,
    8834.0,
    8834.0,
    8834.0,
    8834.0,
    8834.0,
    8834.0,
    8834.0,
    8834.0,
    8834.0,
    8834.0,
    8834.0,
    8834.0,
    8834.0,
    8834.0,
    8834.0,
    8834.0,
    8834.0,
    8834.0,
    8834.0,
    8834.0,
    8834.0,
    8834.0,
    8834.0,
    8834.0,
    8834.0,
    8834.0,
    8834.0,
    8834.0,
    8834.0,
    8834.0,
    8834.0,
    8834.0,
    8834.0,
    8834.0,
    8834.0,
    8834.0,
    8834.0,
    8834.0,
    8834.0,
    8834.0,
    8834.0,
    8834.0,
    8834.0,
    8834.0,
    8834.0,
    8834.0,
    8834.0,
    8834.0,
    8834.0,
    8834.0,
    8834.0,
    8834.0,
    8834.0,
    8834.0,
    8834.0,
    8834.0,
    8834.0,
    8834.0,
    8834.0,
    8834.0
   ],
   "sol cost stdev recorded every ith iter": 20,