{
 "args": {
  "alg": "mfaco",
  "ants": 128,
  "backup list size": 64,
  "beta": 1.0,
  "cand list size": 16,
  "count new edges": 0,
  "gbest as source prob": 0.01,
  "id": "default",
  "iterations": 5000,
  "keep better ant sol": 1,
  "local search": 1,
  "ls cand list size": 20,
  "min new edges": 8,
  "p best": 0.1,
  "picture": true,
  "problem": ".\\instances\\rat783.tsp",
  "repeat": 1,
  "results dir": "results",
  "rho": 0.5,
  "seed": 2632400350,
  "source sol local update": 1,
  "threads": 0
 },
 "executions": [
  {
   "ants solutions updates": 2447,
   "best sol cost iterations": [
    0,
    1,
    2,
    3,
    4,
    5,
    6,
    7,
    8,
    9,
    10,
    11,
    12,
    13,
    15,
    16,
    17,
    19,
    22,
    24,
    25,
    26,
    27,
    28,
    29,
    30,
    32,
    33,
    34,
    35,
    36,
    37,
    41,
    43,
    46,
    47,
    51,
    53,
    56,
    60,
    66,
    70,
    75,
    98
   ],
   "best sol cost times": [
    0.0011,
    0.002578,
    0.003319,
    0.004132,
    0.005054,
    0.006349,
    0.00804,
    0.010353,
    0.011938,
    0.013516,
    0.015032,
    0.016504,
    0.018338,
    0.019835,
    0.023373,
    0.025084,
    0.026636,
    0.029939,
    0.034985,
    0.038248,
    0.040153,
    0.041816,
    0.043396,
    0.045023,
    0.046796,
    0.048351,
    0.051988,
    0.054021,
    0.056074,
    0.058159,
    0.060106,
    0.061747,
    0.06965,
    0.073568,
    0.078854,
    0.080546,
    0.088064,
    0.091496,
    0.096429,
    0.103163,
    0.113477,
    0.12027,
    0.128417,
    0.169469
   ],
   "best sol cost values": [
    9090.0,
    9061.0,
    9039.0,
    9020.0,
    9005.0,
    9004.0,
    8993.0,
    8980.0,
    8974.0,
    8968.0,
    8945.0,
    8936.0,
    8933.0,
    8931.0,
    8923.0,
    8913.0,
    8905.0,
    8899.0,
    8898.0,
    8896.0,
    8894.0,
    8885.0,
    8881.0,
    8879.0,
    8877.0,
    8871.0,
    8869.0,
    8866.0,
    8864.0,
    8859.0,
    8855.0,
    8850.0,
    8848.0,
    8847.0,
    8844.0,
    8843.0,
    8840.0,
    8839.0,
    8838.0,
    8835.0,
    8834.0,
    8832.0,
    8831.0,
    8830.0
   ],
   "execution time": 8.468960800000001,
   "final cost": 8830.0,
   "final error": 0.27254144901203725,
   "finished_at": "2024-09-26T03:47:45.383795200",
   "initial sol cost": 9100.0,
   "initial solutions build time": 0.010776800000000001,
   "local source solutions updates": 119,
   "pher_deposition_time": 0.11999773979187012,
   "sol cost mean recorded every ith iter": 20,
   "sol cost mean values": [
    9099.7,
    8916.1,
    8859.3,
    8840.7,
    8832.7,
    8831.0,
    8830.0,
    8830.0,
    8830.0,
    8830.0,
    8830.0,
    8830.0,
    8830.0,
    8830.0,
    8830.0,
    8830.0,
    8830.0,
    8830.0,
    8830.0,
    8830.0,
    8830.0,
    8830.0,
    8830.0,
    8830.0,
    8830.0,
    8830.0,
    8830.0,
    8830.0,
    8830.0,
    8830.0,
    8830.0,
    8830.0,
    8830.0,
    8830.0,
    8830.0,
    8830.0,
    8830.0,
    8830.0,
    8830.0,
    8830.0,
    8830.0,
    8830.0,
    8830.0,
    8830.0,
    8830.0,
    8830.0,
    8830.0,
    8830.0,
    8830.0,
    8830.0,
    8830.0,
    8830.0,
    8830.0,
    8830.0,
    8830.0,
    8830.0,
    8830.0,
    8830.0,
    8830.0,
    8830.0,
    8830.0,
    8830.0,
    8830.0,
    8830.0,
    8830.0,
    8830.0,
    8830.0,
    8830.0,
    8830.0,
    8830.0,
    8830.0,
    8830.0,
    8830.0,
    8830.0,
    8830.0,
    8830.0,
    8830.0,
    8830.0,
    8830.0,
    8830.0,
    8830.0,
    8830.0,
    8830.0,
    8830.0,
    8830.0,
    8830.0,
    8830.0,
    8830.0,
    8830.0,
    8830.0,
    8830.0,
    8830.0,
    8830.0,
    8830.0,
    8830.0,
    8830.0,
    8830.0,
    8830.0,
    8830.0,
    8830.0,
    8830.0,
    8830.0,
    8830.0,
    8830.0,
    8830.0,
    8830.0,
    8830.0,
    8830.0,
    8830.0,
    8830.0,
    8830.0,
    8830.0,
    8830.0,
    8830.0,
    8830.0,
    8830.0,
    8830.0,
    8830.0,
    8830.0,
    8830.0,
    8830.0,
    8830.0,
    8830.0,
    8830.0,
    8830.0,
    8830.0,
    8830.0,
    8830.0,
    8830.0,
    8830.0,
    8830.0,
    8830.0,
    8830.0,
    8830.0,
    8830.0,
    8830.0,
    8830.0,
    8830.0,
    8830.0,
    8830.0,
    8830.0,
    8830.0,
    8830.0,
    8830.0,
    8830.0,
    8830.0,
    8830.0,
    8830.0,
    8830.0,
    8830.0,
    8830.0,
    8830.0,
    8830.0,
    8830.0,
    8830.0,
    8830.0,
    8830.0,
    8830.0,
    8830.0,
    8830.0,
    8830.0,
    8830.0,
    8830.0,
    8830.0,
    8830.0,
    8830.0,
    8830.0,
    8830.0,
    8830.0,
    8830.0,
    8830.0,
    8830.0,
    8830.0,
    8830.0,
    8830.0,
    8830.0,
    8830.0,
    8830.0,
    8830.0,
    8830.0,
    8830.0,
    8830.0,
    8830.0,
    8830.0,
    8830.0,
    8830.0,
    8830.0,
    8830.0,
    8830.0,
    8830.0,
    8830.0,
    8830.0,
    8830.0,
    8830.0,
    8830.0,
    8830.0,
    8830.0,
    8830.0,
    8830.0,
    8830.0,
    8830.0,
    8830.0,
    8830.0,
    8830.0,
    8830.0,
    8830.0,
    8830.0,
    8830.0,
    8830.0,
    8830.0,
    8830.0,
    8830.0,
    8830.0,
    8830.0,
    8830.0,
    8830.0,
    8830.0,
    8830.0,
    8830.0,
    8830.0,
    8830.0,
    8830.0,
    8830.0,
    8830.0,
    8830.0,
    8830.0,
    8830.0,
    8830.0,
    8830.0,
    8830.0,
    8830.0,
    8830.0,
    8830.0,
    8830.0,
    8830.0,
    8830.0,
    8830.0,
    8830.0,
    8830.0,
    8830.0,
    8830.0,
    8830.0,
    8830.0,
    8830.0,
    8830.0,
    8830.0,
    8830.0,
    8830.0,
    8830.0,
    8830.0
   ],
   "sol cost stdev recorded every ith iter": 20,
   "sol cost stdev values": [
    1.5,
    11.7,
    8.8,
    3.8,
    2.6,
    1.1,
    0.2,
    0.1,
    0.0,
    0.0,
    0.0,
    0.0,
    0.0,
    0.0,
    0.0,
    0.0,
    0.0,
    0.0,
    0.0,
    0.0,
    0.0,
    0.0,
    0.0,
    0.0,
    0.0,
    0.0,
    0.0,
    0.0,
    0.0,
    0.0,
    0.0,
    0.0,
    0.0,
    0.0,
    0.0,
    0.0,
    0.0,
    0.0,
    0.0,
    0.0,
    0.0,
    0.0,
    0.0,
    0.0,
    0.0,
    0.0,
    0.0,
    0.0,
    0.0,
    0.0,
    0.0,
    0.0,
    0.0,
    0.0,
    0.0,
    0.0,
    0.0,
    0.0,
    0.0,
    0.0,
    0.0,
    0.0,
    0.0,
    0.0,
    0.0,
    0.0,
    0.0,
    0.0,
    0.0,
    0.0,
    0.0,
    0.0,
    0.0,
    0.0,
    0.0,
    0.0,
    0.0,
    0.0,
    0.0,
    0.0,
    0.0,
    0.0,
    0.0,
    0.0,
    0.0,
    0.0,
    0.0,
    0.0,
    0.0,
    0.0,
    0.0,
    0.0,
    0.0,
    0.0,
    0.0,
    0.0,
    0.0,
    0.0,
    0.0,
    0.0,
    0.0,
    0.0,
    0.0,
    0.0,
    0.0,
    0.0,
    0.0,
    0.0,
    0.0,
    0.0,
    0.0,
    0.0,
    0.0,
    0.0,
    0.0,
    0.0,
    0.0,
    0.0,
    0.0,
    0.0,
    0.0,
    0.0,
    0.0,
    0.0,
    0.0,
    0.0,
    0.0,
    0.0,
    0.0,
    0.0,
    0.0,
    0.0,
    0.0,
    0.0,
    0.0,
    0.0,
    0.0,
    0.0,
    0.0,
    0.0,
    0.0,
    0.0,
    0.0,
    0.0,
    0.0,
    0.0,
    0.0,
    0.0,
    0.0,
    0.0,
    0.0,
    0.0,
    0.0,
    0.0,
    0.0,
    0.0,
    0.0,
    0.0,
    0.0,
    0.0,
    0.0,
    0.0,
    0.0,
    0.0,
    0.0,
    0.0,
    0.0,
    0.0,
    0.0,
    0.0,
    0.0,
    0.0,
    0.0,
    0.0,
    0.0,
    0.0,
    0.0,
    0.0,
    0.0,
    0.0,
    0.0,
    0.0,
    0.0,
    0.0,
    0.0,
    0.0,
    0.0,
    0.0,
    0.0,
    0.0,
    0.0,
    0.0,
    0.0,
    0.0,
    0.0,
    0.0,
    0.0,
    0.0,
    0.0,
    0.0,
    0.0,
    0.0,
    0.0,
    0.0,
    0.0,
    0.0,
    0.0,
    0.0,
    0.0,
    0.0,
    0.0,
    0.0,
    0.0,
    0.0,
    0.0,
    0.0,
    0.0,
    0.0,
    0.0,
    0.0,
    0.0,
    0.0,
    0.0,
    0.0,
    0.0,
    0.0,
    0.0,
    0.0,
    0.0,
    0.0,
    0.0,
    0.0,
    0.0,
    0.0,
    0.0,
    0.0,
    0.0,
    0.0,
    0.0,
    0.0,
    0.0,
    0.0,
    0.0,
    0.0,
    0.0,
    0.0,
    0.0,
    0.0,
    0.0,
    0.0
   ],
   "started_at": "2024-09-26T03:47:36.914795900",
   "total new edges": 0
  }
 ],