{
 "args": {
  "alg": "mfaco",
  "ants": 64,
  "backup list size": 64,
  "beta": 1.0,
  "cand list size": 16,
  "count new edges": 0,
  "gbest as source prob": 0.01,
  "id": "default",
  "iterations": 5000,
  "keep better ant sol": 1,
  "local search": 1,
  "ls cand list size": 20,
  "min new edges": 8,
  "p best": 0.1,
  "picture": true,
  "problem": "kroA100.tsp",
  "repeat": 1,
  "results dir": "results",
  "rho": 0.5,
  "seed": 253604019,
  "source sol local update": 1,
  "threads": 0
 },
 "executions": [
  {
   "ants solutions updates": 1283,
   "best sol cost iterations": [
    0,
    1,
    2,
    3,
    4,
    5,
    6,
    7,
    8,
    9,
    10,
    11,
    13,
    14,
    15,
    16,
    17,
    18,
    19,
    20,
    21,
    22,
    23,
    24,
    25,
    26,
    27,
    28,
    29,
    34,
    35,
    38,
    39,
    49,
    58,
    84,
    400
   ],
   "best sol cost times": [
    0.00057,
    0.001495,
    0.00211,
    0.002846,
    0.003576,
    0.004418,
    0.005327,
    0.006366,
    0.007653,
    0.00854,
    0.009525,
    0.010517,
    0.012616,
    0.013644,
    0.014574,
    0.015561,
    0.016456,
    0.017467,
    0.018414,
    0.0194,
    0.020364,
    0.021461,
    0.022564,
    0.023679,
    0.024684,
    0.025715,
    0.026793,
    0.027889,
    0.02896,
    0.034375,
    0.035376,
    0.038668,
    0.039909,
    0.051112,
    0.061239,
    0.089358,
    0.45776
   ],
   "best sol cost values": [
    210130.0,
    209854.0,
    209491.0,
    209419.0,
    209300.0,
    209071.0,
    208754.0,
    208563.0,
    208344.0,
    208306.0,
    208207.0,
    208129.0,
    208084.0,
    207900.0,
    207735.0,
    207611.0,
    207581.0,
    207530.0,
    207524.0,
    207494.0,
    207346.0,
    206975.0,
    206039.0,
    205260.0,
    205018.0,
    204973.0,
    204893.0,
    204883.0,
    204650.0,
    204631.0,
    204560.0,
    204492.0,
    204443.0,
    204431.0,
    204403.0,
    204381.0,
    204349.0
   ],
   "execution time": 5.1663953000000005,
   "final cost": 204349.0,
   "final error": 0.9933823929148607,
   "finished_at": "2024-09-26T04:34:20.686829600",
   "initial sol cost": 211343.0,
   "initial solutions build time": 0.002898,
   "local source solutions updates": 131,
   "pher_deposition_time": 0.08699941635131836,
   "sol cost mean recorded every ith iter": 20,
   "sol cost mean values": [
    211285.0,
    207684.0,
    204599.7,
    204436.0,
    204406.1,
    204383.4,
    204381.0,
    204381.0,
    204381.0,
    204381.0,
    204381.0,
    204381.0,
    204381.0,
    204381.0,
    204381.0,
    204381.0,
    204381.0,
    204381.0,
    204381.0,
    204381.0,
    204380.0,
    204352.0,
    204350.0,
    204349.0,
    204349.0,
    204349.0,
    204349.0,
    204349.0,
    204349.0,
    204349.0,
    204349.0,
    204349.0,
    204349.0,
    204349.0,
    204349.0,
    204349.0,
    204349.0,
    204349.0,
    204349.0,
    204349.0,
    204349.0,
    204349.0,
    204349.0,
    204349.0,
    204349.0,
    204349.0,
    204349.0,
    204349.0,
    204349.0,
    204349.0,
    204349.0,
    204349.0,
    204349.0,
    204349.0,
    204349.0,
    204349.0,
    204349.0,
    204349.0,
    204349.0,
    204349.0,
    204349.0,
    204349.0,
    204349.0,
    204349.0,
    204349.0,
    204349.0,
    204349.0,
    204349.0,
    204349.0,
    204349.0,
    204349.0,
    204349.0,
    204349.0,
    204349.0,
    204349.0,
    204349.0,
    204349.0,
    204349.0,
    204349.0,
    204349.0,
    204349.0,
    204349.0,
    204349.0,
    204349.0,
    204349.0,
    204349.0,
    204349.0,
    204349.0,
    204349.0,
    204349.0,
    204349.0,
    204349.0,
    204349.0,
    204349.0,
    204349.0,
    204349.0,
    204349.0,
    204349.0,
    204349.0,
    204349.0,
    204349.0,
    204349.0,
    204349.0,
    204349.0,
    204349.0,
    204349.0,
    204349.0,
    204349.0,
    204349.0,
    204349.0,
    204349.0,
    204349.0,
    204349.0,
    204349.0,
    204349.0,
    204349.0,
    204349.0,
    204349.0,
    204349.0,
    204349.0,
    204349.0,
    204349.0,
    204349.0,
    204349.0,
    204349.0,
    204349.0,
    204349.0,
    204349.0,
    204349.0,
    204349.0,
    204349.0,
    204349.0,
    204349.0,
    204349.0,
    204349.0,
    204349.0,
    204349.0,
    204349.0,
    204349.0,
    204349.0,
    204349.0,
    204349.0,
    204349.0,
    204349.0,
    204349.0,
    204349.0,
    204349.0,
    204349.0,
    204349.0,
    204349.0,
    204349.0,
    204349.0,
    204349.0,
    204349.0,
    204349.0,
    204349.0,
    204349.0,
    204349.0,
    204349.0,
    204349.0,
    204349.0,
    204349.0,
    204349.0,
    204349.0,
    204349.0,
    204349.0,
    204349.0,
    204349.0,
    204349.0,
    204349.0,
    204349.0,
    204349.0,
    204349.0,
    204349.0,
    204349.0,
    204349.0,
    204349.0,
    204349.0,
    204349.0,
    204349.0,
    204349.0,
    204349.0,
    204349.0,
    204349.0,
    204349.0,
    204349.0,
    204349.0,
    204349.0,
    204349.0,
    204349.0,
    204349.0,
    204349.0,
    204349.0,
    204349.0,
    204349.0,
    204349.0,
    204349.0,
    204349.0,
    204349.0,
    204349.0,
    204349.0,
    204349.0,
    204349.0,
    204349.0,
    204349.0,
    204349.0,
    204349.0,
    204349.0,
    204349.0,
    204349.0,
    204349.0,
    204349.0,
    204349.0,
    204349.0,
    204349.0,
    204349.0,
    204349.0,
    204349.0,
    204349.0,
    204349.0,
    204349.0,
    204349.0,
    204349.0,
    204349.0,
    204349.0,
    204349.0,
    204349.0,
    204349.0,
    204349.0,
    204349.0,
    204349.0,
    204349.0,
    204349.0,
    204349.0,
    204349.0,
    204349.0,
    204349.0,
    204349.0,
    204349.0,
    204349.0,
    204349.0,
    204349.0,
    204349.0,
    204349.0,
    204349.0,
    204349.0,
    204349.0,
    204349.0,
    204349.0,
    204349.0
   ],
   "sol cost stdev recorded every ith iter": 20,