{
 "args": {
  "alg": "mfaco",
  "ants": 64,
  "backup list size": 64,
  "beta": 1.0,
  "cand list size": 16,
  "count new edges": 0,
  "gbest as source prob": 0.01,
  "id": "default",
  "iterations": 200,
  "keep better ant sol": 1,
  "local search": 1,
  "ls cand list size": 20,
  "min new edges": 8,
  "p best": 0.1,
  "picture": true,
  "problem": "kroA100.tsp",
  "repeat": 5,
  "results dir": "results",
  "rho": 0.5,
  "seed": 1709234568,
  "source sol local update": 1,
  "threads": 0
 },
 "executions": [
  {
   "ants solutions updates": 1515,
   "best sol cost iterations": [
    0,
    1,
    2,
    3,
    4,
    5,
    6,
    7,
    8,
    9,
    10,
    11,
    12,
    13,
    15,
    17,
    20,
    22,
    23,
    24,
    26,
    29,
    31,
    42,
    43,
    44,
    46,
    48,
    50,
    51,
    53,
    56,
    59,
    69,
    101,
    132,
    135,
    136,
    137,
    140,
    193
   ],
   "best sol cost times": [
    0.000534,
    0.001514,
    0.002258,
    0.003008,
    0.003806,
    0.004559,
    0.005943,
    0.006969,
    0.007958,
    0.008866,
    0.009954,
    0.011197,
    0.012174,
    0.013045,
    0.014926,
    0.01684,
    0.020239,
    0.022476,
    0.023582,
    0.024713,
    0.027286,
    0.030523,
    0.032475,
    0.044074,
    0.045642,
    0.046657,
    0.048599,
    0.050787,
    0.052806,
    0.053714,
    0.05568,
    0.059016,
    0.062373,
    0.072577,
    0.108398,
    0.144597,
    0.148255,
    0.149301,
    0.150298,
    0.153785,
    0.214858
   ],
   "best sol cost values": [
    210200.0,
    210000.0,
    209750.0,
    209215.0,
    208266.0,
    208028.0,
    207922.0,
    207315.0,
    206838.0,
    206789.0,
    206702.0,
    206608.0,
    206606.0,
    206476.0,
    206439.0,
    206430.0,
    206373.0,
    206367.0,
    206280.0,
    206039.0,
    206031.0,
    206023.0,
    205952.0,
    205924.0,
    205816.0,
    205786.0,
    205738.0,
    205696.0,
    205680.0,
    205647.0,
    205608.0,
    205602.0,
    205515.0,
    205281.0,
    205267.0,
    205210.0,
    205036.0,
    204790.0,
    204566.0,
    204502.0,
    204444.0
   ],
   "execution time": 0.2253553,
   "final cost": 204444.0,
   "final error": 1.0403333020327272,
   "finished_at": "2024-09-26T04:37:20.537767000",
   "initial sol cost": 210285.0,
   "initial solutions build time": 0.0031707000000000003,
   "local source solutions updates": 103,
   "pher_deposition_time": 0.0009999275207519531,
   "sol cost mean recorded every ith iter": 20,
   "sol cost mean values": [
    210279.2,
    206502.5,
    205971.7,
    205625.7,
    205297.2,
    205281.1,
    205269.8,
    204768.6,
    204506.3,
    204502.3
   ],
   "sol cost stdev recorded every ith iter": 20,
   "sol cost stdev values": [
    20.3,
    106.8,
    46.3,
    68.2,
    52.9,
    0.8,
    5.5,
    208.5,
    18.4,
    2.0
   ],
   "started_at": "2024-09-26T04:37:20.312396400",
   "total new edges": 0
  }
 ],
 "nn and backup lists calc time": 0.012747600000000001,
 "trial max cost": 204444,
 "trial max error": 1.0403333020327272,
 "trial mean cost": 204444.0,
 "trial mean error": 1.0403333020327272,
 "trial min cost": 204444,
 "trial min error": 1.0403333020327272,
 "trial stdev cost": 0.0
}