{
 "args": {
  "alg": "mfaco",
  "ants": 64,
  "backup list size": 64,
  "beta": 1.0,
  "cand list size": 16,
  "count new edges": 0,
  "gbest as source prob": 0.01,
  "id": "default",
  "iterations": 200,
  "keep better ant sol": 1,
  "local search": 1,
  "ls cand list size": 20,
  "min new edges": 8,
  "p best": 0.1,
  "picture": true,
  "problem": "kroA100.tsp",
  "repeat": 5,
  "results dir": "results",
  "rho": 0.5,
  "seed": 3066735380,
  "source sol local update": 1,
  "threads": 0
 },
 "executions": [
  {
   "ants solutions updates": 1261,
   "best sol cost iterations": [
    0,
    1,
    2,
    3,
    4,
    5,
    6,
    7,
    8,
    9,
    11,
    12,
    13,
    15,
    17,
    18,
    19,
    21,
    22,
    29,
    33,
    34,
    37,
    38,
    47,
    58,
    59,
    63,
    65,
    67,
    76,
    78,
    79,
    93,
    94,
    95,
    106,
    115,
    117,
    183
   ],
   "best sol cost times": [
    0.000384,
    0.001008,
    0.001641,
    0.002298,
    0.002933,
    0.003626,
    0.00475,
    0.005966,
    0.007235,
    0.008449,
    0.010759,
    0.011925,
    0.013246,
    0.015403,
    0.017785,
    0.018958,
    0.020238,
    0.022953,
    0.024316,
    0.03315,
    0.037787,
    0.039219,
    0.042597,
    0.043789,
    0.054477,
    0.068751,
    0.069934,
    0.074986,
    0.077136,
    0.079553,
    0.090749,
    0.093171,
    0.094389,
    0.113767,
    0.115044,
    0.116202,
    0.130859,
    0.142305,
    0.14472,
    0.228682
   ],
   "best sol cost values": [
    9052.0,
    9048.0,
    9034.0,
    9021.0,
    9017.0,
    9006.0,
    8992.0,
    8986.0,
    8982.0,
    8973.0,
    8968.0,
    8961.0,
    8950.0,
    8947.0,
    8941.0,
    8935.0,
    8933.0,
    8932.0,
    8929.0,
    8928.0,
    8927.0,
    8921.0,
    8920.0,
    8916.0,
    8915.0,
    8912.0,
    8911.0,
    8904.0,
    8900.0,
    8898.0,
    8897.0,
    8896.0,
    8895.0,
    8894.0,
    8893.0,
    8889.0,
    8883.0,
    8882.0,
    8879.0,
    8873.0
   ],
   "execution time": 0.2605577,
   "final cost": 8873.0,
   "final error": 0.7608448784919373,
   "finished_at": "2024-09-26T04:41:37.681559000",
   "initial sol cost": 9079.0,
   "initial solutions build time": 0.0105343,
   "local source solutions updates": 71,
   "pher_deposition_time": 0.007999897003173828,
   "sol cost mean recorded every ith iter": 20,
   "sol cost mean values": [
    9077.5,
    8948.0,
    8924.7,
    8915.1,
    8898.8,
    8892.5,
    8883.1,
    8879.7,
    8879.0,
    8879.0
   ],
   "sol cost stdev recorded every ith iter": 20,
   "sol cost stdev values": [
    5.0,
    11.6,
    6.3,
    2.4,
    4.1,
    3.5,
    3.9,
    2.2,
    0.1,
    0.0
   ],
   "started_at": "2024-09-26T04:41:37.420984900",
   "total new edges": 0
  },
  {
   "ants solutions updates": 1453,
   "best sol cost iterations": [
    0,
    1,
    2,
    3,
    4,
    5,
    6,
    7,
    8,
    9,
    10,
    12,
    13,
    14,
    15,
    17,
    18,
    19,
    21,
    22,
    29,
    31,
    33,
    35,
    42,
    45,
    46,
    48,
    51,
    56,
    57,
    59,
    60,
    64,
    66,
    67,
    71,
    72,
    80,
    81,
    82,
    87,
    95,
    96,
    112,
    113,
    127,
    133,
    150,
    188,
    193
   ],
   "best sol cost times": [
    0.000353,
    0.000937,
    0.001508,
    0.002221,
    0.002855,
    0.00363,
    0.004588,
    0.005715,
    0.006927,
    0.008298,
    0.009456,
    0.011837,
    0.012945,
    0.014066,
    0.015319,
    0.017703,
    0.018748,
    0.019767,
    0.022129,
    0.023406,
    0.031907,
    0.034331,
    0.036802,
    0.039485,
    0.048834,
    0.052199,
    0.0533,
    0.055644,
    0.059636,
    0.065648,
    0.066664,
    0.068918,
    0.069943,
    0.074749,
    0.077092,
    0.078345,
    0.083176,
    0.084613,
    0.094823,
    0.095939,
    0.097143,
    0.103149,
    0.113247,
    0.114392,
    0.133582,
    0.134809,
    0.15252,
    0.160527,
    0.182829,
    0.232182,
    0.237625
   ],
   "best sol cost values": [
    9085.0,
    9076.0,
    9065.0,
    9059.0,
    9056.0,
    9055.0,
    9039.0,
    9034.0,
    9026.0,
    9023.0,
    9019.0,
    9010.0,
    9002.0,
    8999.0,
    8987.0,
    8985.0,
    8982.0,
    8980.0,
    8970.0,
    8968.0,
    8966.0,
    8963.0,
    8961.0,
    8959.0,
    8958.0,
    8954.0,
    8953.0,
    8952.0,
    8951.0,
    8948.0,
    8941.0,
    8935.0,
    8925.0,
    8924.0,
    8921.0,
    8919.0,
    8918.0,
    8917.0,
    8916.0,
    8913.0,
    8907.0,
    8906.0,
    8904.0,
    8900.0,
    8897.0,
    8895.0,
    8893.0,
    8890.0,
    8887.0,
    8883.0,
    8882.0
   ],
   "execution time": 0.2578693,
   "final cost": 8882.0,
   "final error": 0.8630479218714513,
   "finished_at": "2024-09-26T04:41:37.942238700",
   "initial sol cost": 9096.0,
   "initial solutions build time": 0.0115215,
   "local source solutions updates": 77,
   "pher_deposition_time": 0.0070002079010009766,
   "sol cost mean recorded every ith iter": 20,
   "sol cost mean values": [
    9095.5,
    8994.5,
    8963.4,
    8945.5,
    8919.3,
    8904.6,
    8897.7,
    8892.4,
    8888.1,
    8887.2
   ],
   "sol cost stdev recorded every ith iter": 20,
   "sol cost stdev values": [
    2.1,
    10.1,
    5.2,
    7.7,
    3.9,
    3.9,
    2.9,
    3.0,
    1.6,
    1.0
   ],
   "started_at": "2024-09-26T04:41:37.684361600",
   "total new edges": 0
  },
  {
   "ants solutions updates": 1242,
   "best sol cost iterations": [
    0,
    1,
    2,
    3,
    5,
    6,
    7,
    8,
    9,
    10,
    11,
    12,
    13,
    14,
    15,
    16,
    21,
    22,
    24,
    25,
    27,
    28,
    29,
    32,
    35,
    36,
    37,
    42,
    43,
    45,
    47,
    48,
    59,
    62,
    66,
    68,
    98,
    112,
    125,
    126,
    139,
    187,
    190
   ],
   "best sol cost times": [
    0.000402,
    0.00097,
    0.001581,
    0.002189,
    0.003808,
    0.004944,
    0.006005,
    0.007125,
    0.008473,
    0.009705,
    0.010906,
    0.012041,
    0.013284,
    0.014498,
    0.015384,
    0.016719,
    0.022522,
    0.023549,
    0.026028,
    0.027506,
    0.030099,
    0.03144,
    0.032769,
    0.036585,
    0.040182,
    0.041656,
    0.042779,
    0.049236,
    0.050712,
    0.053018,
    0.055862,
    0.057167,
    0.070995,
    0.074945,
    0.080039,
    0.08241,
    0.121222,
    0.139161,
    0.156065,
    0.15713,
    0.173596,
    0.233264,
    0.236866
   ],
   "best sol cost values": [
    9077.0,
    9057.0,
    9050.0,
    9040.0,
    9035.0,
    9028.0,
    9004.0,
    8996.0,
    8988.0,
    8987.0,
    8985.0,
    8972.0,
    8967.0,
    8966.0,
    8959.0,
    8957.0,
    8953.0,
    8940.0,
    8939.0,
    8938.0,
    8937.0,
    8931.0,
    8926.0,
    8920.0,
    8919.0,
    8917.0,
    8914.0,
    8913.0,
    8909.0,
    8908.0,
    8904.0,
    8901.0,
    8900.0,
    8897.0,
    8894.0,
    8891.0,
    8889.0,
    8888.0,
    8887.0,
    8881.0,
    8880.0,
    8878.0,
    8871.0
   ],
   "execution time": 0.2606994,
   "final cost": 8871.0,
   "final error": 0.7381330910742675,
   "finished_at": "2024-09-26T04:41:38.204770300",
   "initial sol cost": 9082.0,
   "initial solutions build time": 0.011888300000000001,
   "local source solutions updates": 68,
   "pher_deposition_time": 0.00599980354309082,
   "sol cost mean recorded every ith iter": 20,
   "sol cost mean values": [
    9081.9,
    8965.9,
    8920.5,
    8902.5,
    8892.3,
    8890.7,
    8888.7,
    8882.1,
    8880.2,
    8880.0
   ],
   "sol cost stdev recorded every ith iter": 20,
   "sol cost stdev values": [
    0.6,
    7.8,
    5.7,
    3.5,
    2.8,
    1.3,
    1.0,
    2.6,
    0.9,
    0.0
   ],
   "started_at": "2024-09-26T04:41:37.944061100",
   "total new edges": 0
  },
  {
   "ants solutions updates": 1347,