{
 "args": {
  "alg": "mfaco",
  "ants": 64,
  "backup list size": 64,
  "beta": 1.0,
  "cand list size": 16,
  "count new edges": 0,
  "gbest as source prob": 0.01,
  "id": "default",
  "iterations": 5000,
  "keep better ant sol": 1,
  "local search": 1,
  "ls cand list size": 20,
  "min new edges": 8,
  "p best": 0.1,
  "picture": true,
  "problem": "kroA100.tsp",
  "repeat": 1,
  "results dir": "results",
  "rho": 0.5,
  "seed": 253604019,
  "source sol local update": 1,
  "threads": 0
 },
 "executions": [
  {
   "ants solutions updates": 326,
   "best sol cost iterations": [
    0,
    1,
    3,
    5,
    6,
    40,
    93
   ],
   "best sol cost times": [
    0.000318,
    0.000915,
    0.002251,
    0.003901,
    0.004827,
    0.040856,
    0.10223
   ],
   "best sol cost values": [
    1651.0,
    1649.0,
    1647.0,
    1643.0,
    1642.0,
    1641.0,
    1639.0
   ],
   "execution time": 5.2684709000000005,
   "final cost": 1639.0,
   "final error": -1.0,
   "finished_at": "2024-09-26T04:34:15.465825800",
   "initial sol cost": 1652.0,
   "initial solutions build time": 0.0046181,
   "local source solutions updates": 7,
   "pher_deposition_time": 0.04899907112121582,
   "sol cost mean recorded every ith iter": 20,
   "sol cost mean values": [
    1652.0,
    1642.1,
    1642.0,
    1641.0,
    1641.0,
    1639.5,
    1639.0,
    1639.0,
    1639.0,
    1639.0,
    1639.0,
    1639.0,
    1639.0,
    1639.0,
    1639.0,
    1639.0,
    1639.0,
    1639.0,
    1639.0,
    1639.0,
    1639.0,
    1639.0,
    1639.0,
    1639.0,
    1639.0,
    1639.0,
    1639.0,
    1639.0,
    1639.0,
    1639.0,
    1639.0,
    1639.0,
    1639.0,
    1639.0,
    1639.0,
    1639.0,
    1639.0,
    1639.0,
    1639.0,
    1639.0,
    1639.0,
    1639.0,
    1639.0,
    1639.0,
    1639.0,
    1639.0,
    1639.0,
    1639.0,
    1639.0,
    1639.0,
    1639.0,
    1639.0,
    1639.0,
    1639.0,
    1639.0,
    1639.0,
    1639.0,
    1639.0,
    1639.0,
    1639.0,
    1639.0,
    1639.0,
    1639.0,
    1639.0,
    1639.0,
    1639.0,
    1639.0,
    1639.0,
    1639.0,
    1639.0,
    1639.0,
    1639.0,
    1639.0,
    1639.0,
    1639.0,
    1639.0,
    1639.0,
    1639.0,
    1639.0,
    1639.0,
    1639.0,
    1639.0,
    1639.0,
    1639.0,
    1639.0,
    1639.0,
    1639.0,
    1639.0,
    1639.0,
    1639.0,
    1639.0,
    1639.0,
    1639.0,
    1639.0,
    1639.0,
    1639.0,
    1639.0,
    1639.0,
    1639.0,
    1639.0,
    1639.0,
    1639.0,
    1639.0,
    1639.0,
    1639.0,
    1639.0,
    1639.0,
    1639.0,
    1639.0,
    1639.0,
    1639.0,
    1639.0,
    1639.0,
    1639.0,
    1639.0,
    1639.0,
    1639.0,
    1639.0,
    1639.0,
    1639.0,
    1639.0,
    1639.0,
    1639.0,
    1639.0,
    1639.0,
    1639.0,
    1639.0,
    1639.0,
    1639.0,
    1639.0,
    1639.0,
    1639.0,
    1639.0,
    1639.0,
    1639.0,
    1639.0,
    1639.0,
    1639.0,
    1639.0,
    1639.0,
    1639.0,
    1639.0,
    1639.0,
    1639.0,
    1639.0,
    1639.0,
    1639.0,
    1639.0,
    1639.0,
    1639.0,
    1639.0,
    1639.0,
    1639.0,
    1639.0,
    1639.0,
    1639.0,
    1639.0,
    1639.0,
    1639.0,
    1639.0,
    1639.0,
    1639.0,
    1639.0,
    1639.0,
    1639.0,
    1639.0,
    1639.0,
    1639.0,
    1639.0,
    1639.0,
    1639.0,
    1639.0,
    1639.0,
    1639.0,
    1639.0,
    1639.0,
    1639.0,
    1639.0,
    1639.0,
    1639.0,
    1639.0,
    1639.0,
    1639.0,
    1639.0,
    1639.0,
    1639.0,
    1639.0,
    1639.0,
    1639.0,
    1639.0,
    1639.0,
    1639.0,
    1639.0,
    1639.0,
    1639.0,
    1639.0,
    1639.0,
    1639.0,
    1639.0,
    1639.0,
    1639.0,
    1639.0,
    1639.0,
    1639.0,
    1639.0,
    1639.0,
    1639.0,
    1639.0,
    1639.0,
    1639.0,
    1639.0,
    1639.0,
    1639.0,
    1639.0,
    1639.0,
    1639.0,
    1639.0,
    1639.0,
    1639.0,
    1639.0,
    1639.0,
    1639.0,
    1639.0,
    1639.0,
    1639.0,
    1639.0,
    1639.0,
    1639.0,
    1639.0,
    1639.0,
    1639.0,
    1639.0,
    1639.0,
    1639.0,
    1639.0,
    1639.0,
    1639.0,
    1639.0,
    1639.0,
    1639.0,
    1639.0,
    1639.0,
    1639.0,
    1639.0,
    1639.0,
    1639.0,
    1639.0,
    1639.0,
    1639.0,
    1639.0
   ],
   "sol cost stdev recorded every ith iter": 20,
   "sol cost stdev values": [
    0.1,
    0.5,
    0.1,
    0.1,
    0.0,
    0.9,
    0.0,
    0.0,
    0.0,
    0.0,
    0.0,
    0.0,
    0.0,
    0.0,
    0.0,
    0.0,
    0.0,
    0.0,
    0.0,
    0.0,
    0.0,
    0.0,
    0.0,
    0.0,
    0.0,
    0.0,
    0.0,
    0.0,
    0.0,
    0.0,
    0.0,
    0.0,
    0.0,
    0.0,
    0.0,
    0.0,
    0.0,
    0.0,
    0.0,
    0.0,
    0.0,
    0.0,
    0.0,
    0.0,
    0.0,
    0.0,
    0.0,
    0.0,
    0.0,
    0.0,
    0.0,
    0.0,
    0.0,
    0.0,
    0.0,
    0.0,
    0.0,
    0.0,
    0.0,
    0.0,
    0.0,
    0.0,
    0.0,
    0.0,
    0.0,
    0.0,
    0.0,
    0.0,
    0.0,
    0.0,
    0.0,
    0.0,
    0.0,
    0.0,
    0.0,
    0.0,
    0.0,
    0.0,
    0.0,
    0.0,
    0.0,
    0.0,
    0.0,
    0.0,
    0.0,
    0.0,
    0.0,
    0.0,
    0.0,
    0.0,
    0.0,
    0.0,
    0.0,
    0.0,
    0.0,
    0.0,
    0.0,
    0.0,
    0.0,
    0.0,
    0.0,
    0.0,
    0.0,
    0.0,
    0.0,
    0.0,
    0.0,
    0.0,
    0.0,
    0.0,
    0.0,
    0.0,
    0.0,
    0.0,
    0.0,
    0.0,
    0.0,
    0.0,
    0.0,
    0.0,
    0.0,
    0.0,
    0.0,
    0.0,
    0.0,
    0.0,
    0.0,
    0.0,
    0.0,
    0.0,
    0.0,
    0.0,
    0.0,
    0.0,
    0.0,
    0.0,
    0.0,
    0.0,
    0.0,
    0.0,
    0.0,
    0.0,
    0.0,
    0.0,
    0.0,
    0.0,
    0.0,
    0.0,
    0.0,
    0.0,
    0.0,
    0.0,
    0.0,
    0.0,
    0.0,
    0.0,
    0.0,
    0.0,
    0.0,
    0.0,
    0.0,
    0.0,
    0.0,
    0.0,
    0.0,
    0.0,
    0.0,
    0.0,
    0.0,
    0.0,
    0.0,
    0.0,
    0.0,
    0.0,
    0.0,
    0.0,
    0.0,
    0.0,
    0.0,
    0.0,
    0.0,
    0.0,
    0.0,
    0.0,
    0.0,
    0.0,
    0.0,
    0.0,
    0.0,
    0.0,
    0.0,
    0.0,
    0.0,
    0.0,
    0.0,
    0.0,
    0.0,
    0.0,
    0.0,
    0.0,
    0.0,
    0.0,
    0.0,
    0.0,
    0.0,
    0.0,
    0.0,
    0.0,
    0.0,
    0.0,
    0.0,
    0.0,
    0.0,
    0.0,
    0.0,
    0.0,
    0.0,
    0.0,
    0.0,
    0.0,
    0.0,
    0.0,
    0.0,
    0.0,
    0.0,
    0.0,
    0.0,
    0.0,
    0.0,
    0.0,
    0.0,
    0.0,
    0.0,
    0.0,
    0.0,
    0.0,
    0.0,
    0.0,
    0.0,
    0.0,
    0.0,
    0.0,
    0.0,
    0.0,
    0.0,
    0.0,
    0.0,
    0.0,
    0.0,
    0.0
   ],
   "started_at": "2024-09-26T04:34:10.197344100",
   "total new edges": 0
  }
 ],
 "nn and backup lists calc time": 0.0085585,
 "trial max cost": 1639,
 "trial max error": -1.0,
 "trial mean cost": 1639.0,
 "trial mean error": -1.0,
 "trial min cost": 1639,
 "trial min error": -1.0,
 "trial stdev cost": 0.0,
 "trial time": 5.270993000000001
}