{
 "args": {
  "alg": "mfaco",
  "ants": 128,
  "backup list size": 64,
  "beta": 1.0,
  "cand list size": 16,
  "count new edges": 0,
  "gbest as source prob": 0.01,
  "id": "default",
  "iterations": 5000,
  "keep better ant sol": 1,
  "local search": 1,
  "ls cand list size": 20,
  "min new edges": 8,
  "p best": 0.1,
  "picture": true,
  "problem": ".\\instances\\rat783.tsp",
  "repeat": 1,
  "results dir": "results",
  "rho": 0.5,
  "seed": 2562170352,
  "source sol local update": 1,
  "threads": 0
 },
 "executions": [
  {
   "ants solutions updates": 3252,
   "best sol cost iterations": [
    0,
    1,
    2,
    3,
    4,
    5,
    6,
    7,
    8,
    9,
    10,
    11,
    12,
    13,
    15,
    16,
    17,
    20,
    22,
    23,
    25,
    27,
    28,
    32,
    34,
    35,
    38,
    39,
    41,
    44,
    63,
    68,
    70,
    71,
    78,
    79,
    80,
    86,
    96,
    115,
    124,
    147,
    157,
    158,
    1266,
    1326,
    1330,
    2130
   ],
   "best sol cost times": [
    0.000984,
    0.002477,
    0.003354,
    0.004268,
    0.005216,
    0.006308,
    0.007823,
    0.009508,
    0.011111,
    0.01265,
    0.014286,
    0.016481,
    0.018058,
    0.019665,
    0.022997,
    0.024486,
    0.026201,
    0.031472,
    0.034999,
    0.036577,
    0.039865,
    0.04307,
    0.044549,
    0.051746,
    0.055075,
    0.057036,
    0.062892,
    0.064624,
    0.068257,
    0.073826,
    0.105683,
    0.11412,
    0.11741,
    0.11907,
    0.130381,
    0.131785,
    0.133272,
    0.142956,
    0.159035,
    0.190256,
    0.205308,
    0.244894,
    0.261899,
    0.263438,
    2.107784,
    2.211233,
    2.218007,
    3.565519
   ],
   "best sol cost values": [
    9060.0,
    9056.0,
    9048.0,
    9035.0,
    9025.0,
    9011.0,
    8999.0,
    8998.0,
    8969.0,
    8966.0,
    8961.0,
    8949.0,
    8947.0,
    8939.0,
    8933.0,
    8928.0,
    8920.0,
    8914.0,
    8912.0,
    8909.0,
    8897.0,
    8890.0,
    8888.0,
    8887.0,
    8879.0,
    8877.0,
    8876.0,
    8875.0,
    8873.0,
    8871.0,
    8865.0,
    8864.0,
    8863.0,
    8861.0,
    8860.0,
    8852.0,
    8840.0,
    8835.0,
    8834.0,
    8832.0,
    8830.0,
    8829.0,
    8828.0,
    8824.0,
    8823.0,
    8822.0,
    8819.0,
    8818.0
   ],
   "execution time": 8.4635993,
   "final cost": 8818.0,
   "final error": 0.13627072450601863,
   "finished_at": "2024-09-26T03:41:12.527510500",
   "initial sol cost": 9083.0,
   "initial solutions build time": 0.0107667,
   "local source solutions updates": 104,
   "pher_deposition_time": 0.11700057983398438,
   "sol cost mean recorded every ith iter": 20,
   "sol cost mean values": [
    9082.4,
    8932.7,
    8881.9,
    8871.7,
    8861.3,
    8835.7,
    8833.3,
    8830.6,
    8828.0,
    8824.3,
    8824.0,
    8824.0,
    8824.0,
    8824.0,
    8824.0,
    8824.0,
    8824.0,
    8824.0,
    8824.0,
    8824.0,
    8824.0,
    8824.0,
    8824.0,
    8824.0,
    8824.0,
    8824.0,
    8824.0,
    8824.0,
    8824.0,
    8824.0,
    8824.0,
    8824.0,
    8824.0,
    8824.0,
    8824.0,
    8824.0,
    8824.0,
    8824.0,
    8824.0,
    8824.0,
    8824.0,
    8824.0,
    8824.0,
    8824.0,
    8824.0,
    8824.0,
    8824.0,
    8824.0,
    8824.0,
    8824.0,
    8824.0,
    8824.0,
    8824.0,
    8824.0,
    8824.0,
    8824.0,
    8824.0,
    8824.0,
    8824.0,
    8824.0,
    8824.0,
    8824.0,
    8824.0,
    8824.0,
    8823.2,
    8823.0,
    8823.0,
    8819.9,
    8819.1,
    8819.0,
    8819.0,
    8819.0,
    8819.0,
    8819.0,
    8819.0,
    8819.0,
    8819.0,
    8819.0,
    8819.0,
    8819.0,
    8819.0,
    8819.0,
    8819.0,
    8819.0,
    8819.0,
    8819.0,
    8819.0,
    8819.0,
    8819.0,
    8819.0,
    8819.0,
    8819.0,
    8819.0,
    8819.0,
    8819.0,
    8819.0,
    8819.0,
    8819.0,
    8819.0,
    8819.0,
    8819.0,
    8819.0,
    8819.0,
    8819.0,
    8819.0,
    8819.0,
    8819.0,
    8818.3,
    8818.0,
    8818.0,
    8818.0,
    8818.0,
    8818.0,
    8818.0,
    8818.0,
    8818.0,
    8818.0,
    8818.0,
    8818.0,
    8818.0,
    8818.0,
    8818.0,
    8818.0,
    8818.0,
    8818.0,
    8818.0,
    8818.0,
    8818.0,
    8818.0,
    8818.0,
    8818.0,
    8818.0,
    8818.0,
    8818.0,
    8818.0,
    8818.0,
    8818.0,
    8818.0,
    8818.0,
    8818.0,
    8818.0,
    8818.0,
    8818.0,
    8818.0,
    8818.0,
    8818.0,
    8818.0,
    8818.0,
    8818.0,
    8818.0,
    8818.0,
    8818.0,
    8818.0,
    8818.0,
    8818.0,
    8818.0,
    8818.0,
    8818.0,
    8818.0,
    8818.0,
    8818.0,
    8818.0,
    8818.0,
    8818.0,
    8818.0,
    8818.0,
    8818.0,
    8818.0,
    8818.0,
    8818.0,
    8818.0,
    8818.0,
    8818.0,
    8818.0,
    8818.0,
    8818.0,
    8818.0,
    8818.0,
    8818.0,
    8818.0,
    8818.0,
    8818.0,
    8818.0,
    8818.0,
    8818.0,
    8818.0,
    8818.0,
    8818.0,
    8818.0,
    8818.0,
    8818.0,
    8818.0,
    8818.0,
    8818.0,
    8818.0,
    8818.0,
    8818.0,
    8818.0,
    8818.0,
    8818.0,
    8818.0,
    8818.0,
    8818.0,
    8818.0,
    8818.0,
    8818.0,
    8818.0,
    8818.0,
    8818.0,
    8818.0,
    8818.0,
    8818.0,
    8818.0,
    8818.0,
    8818.0,
    8818.0,
    8818.0,
    8818.0,
    8818.0,
    8818.0,
    8818.0,
    8818.0,
    8818.0,
    8818.0,
    8818.0,
    8818.0,
    8818.0,
    8818.0,
    8818.0,
    8818.0,
    8818.0,
    8818.0,
    8818.0,
    8818.0,
    8818.0,
    8818.0,
    8818.0,
    8818.0,
    8818.0,
    8818.0,
    8818.0,
    8818.0,
    8818.0,
    8818.0,
    8818.0,
    8818.0,
    8818.0,
    8818.0,
    8818.0,
    8818.0
   ],
   "sol cost stdev recorded every ith iter": 20,