{
 "args": {
  "alg": "mfaco",
  "ants": 64,
  "backup list size": 64,
  "beta": 1.0,
  "cand list size": 16,
  "count new edges": 0,
  "gbest as source prob": 0.01,
  "id": "default",
  "iterations": 200,
  "keep better ant sol": 1,
  "local search": 1,
  "ls cand list size": 20,
  "min new edges": 8,
  "p best": 0.1,
  "picture": true,
  "problem": "kroA100.tsp",
  "repeat": 5,
  "results dir": "results",
  "rho": 0.5,
  "seed": 1709234568,
  "source sol local update": 1,
  "threads": 0
 },
 "executions": [
  {
   "ants solutions updates": 1614,
   "best sol cost iterations": [
    0,
    1,
    3,
    4,
    5,
    6,
    7,
    8,
    10,
    11,
    14,
    17,
    18,
    19,
    24,
    25,
    26,
    27,
    28,
    29,
    31,
    32,
    33,
    34,
    35,
    39,
    43,
    44,
    47,
    53,
    57,
    62,
    66,
    68,
    80,
    83,
    94,
    98,
    106,
    116,
    121,
    128,
    133,
    135,
    157,
    162,
    163,
    164,
    170,
    172,
    176
   ],
   "best sol cost times": [
    0.000967,
    0.001648,
    0.003048,
    0.003873,
    0.004697,
    0.00578,
    0.006868,
    0.007978,
    0.010301,
    0.011528,
    0.014982,
    0.018902,
    0.019977,
    0.021358,
    0.027968,
    0.029232,
    0.0306,
    0.031957,
    0.033066,
    0.034223,
    0.036903,
    0.038241,
    0.039595,
    0.040721,
    0.041847,
    0.047105,
    0.052512,
    0.053632,
    0.057476,
    0.065842,
    0.071136,
    0.077311,
    0.082947,
    0.085866,
    0.102058,
    0.105842,
    0.120191,
    0.124998,
    0.135631,
    0.148383,
    0.154007,
    0.163343,
    0.169856,
    0.172358,
    0.200353,
    0.206115,
    0.207246,
    0.208402,
    0.215977,
    0.218066,
    0.223051
   ],
   "best sol cost values": [
    9107.0,
    9105.0,
    9092.0,
    9083.0,
    9075.0,
    9065.0,
    9050.0,
    9023.0,
    9012.0,
    9011.0,
    9008.0,
    9001.0,
    8997.0,
    8989.0,
    8978.0,
    8973.0,
    8971.0,
    8964.0,
    8963.0,
    8962.0,
    8955.0,
    8952.0,
    8947.0,
    8939.0,
    8938.0,
    8932.0,
    8930.0,
    8921.0,
    8920.0,
    8918.0,
    8913.0,
    8912.0,
    8909.0,
    8907.0,
    8905.0,
    8900.0,
    8897.0,
    8895.0,
    8893.0,
    8891.0,
    8890.0,
    8889.0,
    8882.0,
    8881.0,
    8880.0,
    8877.0,
    8872.0,
    8867.0,
    8866.0,
    8861.0,
    8859.0
   ],
   "execution time": 0.2646954,
   "final cost": 8859.0,
   "final error": 0.6018623665682489,
   "finished_at": "2024-09-26T04:37:20.849623800",
   "initial sol cost": 9115.0,
   "initial solutions build time": 0.011607300000000001,
   "local source solutions updates": 74,
   "pher_deposition_time": 0.0069997310638427734,
   "sol cost mean recorded every ith iter": 20,
   "sol cost mean values": [
    9114.8,
    9007.8,
    8942.9,
    8918.7,
    8907.8,
    8898.9,
    8892.8,
    8885.0,
    8880.9,
    8863.1
   ],
   "sol cost stdev recorded every ith iter": 20,
   "sol cost stdev values": [
    1.2,
    9.7,
    8.0,
    5.6,
    1.9,
    3.6,
    2.7,
    4.1,
    0.9,
    3.6
   ],
   "started_at": "2024-09-26T04:37:20.584910900",
   "total new edges": 0
  }
 ],
 "nn and backup lists calc time": 0.020800000000000003,
 "trial max cost": 8859,
 "trial max error": 0.6018623665682489,
 "trial mean cost": 8859.0,
 "trial mean error": 0.6018623665682489,
 "trial min cost": 8859,
 "trial min error": 0.6018623665682489,
 "trial stdev cost": 0.0
}